stock_id,status,message,new_rows
1101,up_to_date,已是最新: 2026-06-17,0
1102,up_to_date,已是最新: 2026-06-17,0
1103,up_to_date,已是最新: 2026-06-17,0
1104,up_to_date,已是最新: 2026-06-17,0
1108,up_to_date,已是最新: 2026-06-17,0
1109,up_to_date,已是最新: 2026-06-17,0
1110,up_to_date,已是最新: 2026-06-17,0
1201,up_to_date,已是最新: 2026-06-17,0
1203,up_to_date,已是最新: 2026-06-17,0
1210,up_to_date,已是最新: 2026-06-17,0
1213,up_to_date,已是最新: 2026-06-17,0
1215,up_to_date,已是最新: 2026-06-17,0
1216,up_to_date,已是最新: 2026-06-17,0
1217,up_to_date,已是最新: 2026-06-17,0
1218,up_to_date,已是最新: 2026-06-17,0
1219,up_to_date,已是最新: 2026-06-17,0
1220,up_to_date,已是最新: 2026-06-17,0
1225,up_to_date,已是最新: 2026-06-17,0
1227,up_to_date,已是最新: 2026-06-17,0
1229,up_to_date,已是最新: 2026-06-17,0
1231,up_to_date,已是最新: 2026-06-17,0
1232,up_to_date,已是最新: 2026-06-17,0
1233,up_to_date,已是最新: 2026-06-17,0
1234,up_to_date,已是最新: 2026-06-17,0
1235,up_to_date,已是最新: 2026-06-17,0
1236,up_to_date,已是最新: 2026-06-17,0
1256,up_to_date,已是最新: 2026-06-17,0
1301,up_to_date,已是最新: 2026-06-17,0
1303,up_to_date,已是最新: 2026-06-17,0
1304,up_to_date,已是最新: 2026-06-17,0
1305,up_to_date,已是最新: 2026-06-17,0
1307,up_to_date,已是最新: 2026-06-17,0
1308,up_to_date,已是最新: 2026-06-17,0
1309,up_to_date,已是最新: 2026-06-17,0
1310,up_to_date,已是最新: 2026-06-17,0
1312,up_to_date,已是最新: 2026-06-17,0
1313,up_to_date,已是最新: 2026-06-17,0
1314,up_to_date,已是最新: 2026-06-17,0
1315,up_to_date,已是最新: 2026-06-17,0
1316,up_to_date,已是最新: 2026-06-17,0
1319,up_to_date,已是最新: 2026-06-17,0
1321,up_to_date,已是最新: 2026-06-17,0
1323,up_to_date,已是最新: 2026-06-17,0
1324,up_to_date,已是最新: 2026-06-17,0
1325,up_to_date,已是最新: 2026-06-17,0
1326,up_to_date,已是最新: 2026-06-17,0
1337,up_to_date,已是最新: 2026-06-17,0
1338,up_to_date,已是最新: 2026-06-17,0
1339,up_to_date,已是最新: 2026-06-17,0
1340,up_to_date,已是最新: 2026-06-17,0
1341,up_to_date,已是最新: 2026-06-17,0
1342,up_to_date,已是最新: 2026-06-17,0
1402,up_to_date,已是最新: 2026-06-17,0
1409,up_to_date,已是最新: 2026-06-17,0
1410,up_to_date,已是最新: 2026-06-17,0
1413,up_to_date,已是最新: 2026-06-17,0
1414,up_to_date,已是最新: 2026-06-17,0
1416,up_to_date,已是最新: 2026-06-17,0
1417,up_to_date,已是最新: 2026-06-17,0
1418,up_to_date,已是最新: 2026-06-17,0
1419,up_to_date,已是最新: 2026-06-17,0
1423,up_to_date,已是最新: 2026-06-17,0
1432,up_to_date,已是最新: 2026-06-17,0
1434,up_to_date,已是最新: 2026-06-17,0
1435,no_new_data,2026-04-29 ~ 2026-06-17 查無新資料,0
1436,up_to_date,已是最新: 2026-06-17,0
1437,up_to_date,已是最新: 2026-06-17,0
1438,up_to_date,已是最新: 2026-06-17,0
1439,up_to_date,已是最新: 2026-06-17,0
1440,up_to_date,已是最新: 2026-06-17,0
1441,up_to_date,已是最新: 2026-06-17,0
1442,up_to_date,已是最新: 2026-06-17,0
1443,up_to_date,已是最新: 2026-06-17,0
1444,up_to_date,已是最新: 2026-06-17,0
1445,up_to_date,已是最新: 2026-06-17,0
1446,up_to_date,已是最新: 2026-06-17,0
1447,up_to_date,已是最新: 2026-06-17,0
1449,up_to_date,已是最新: 2026-06-17,0
1451,up_to_date,已是最新: 2026-06-17,0
1452,up_to_date,已是最新: 2026-06-17,0
1453,up_to_date,已是最新: 2026-06-17,0
1454,up_to_date,已是最新: 2026-06-17,0
1455,up_to_date,已是最新: 2026-06-17,0
1456,up_to_date,已是最新: 2026-06-17,0
1457,up_to_date,已是最新: 2026-06-17,0
1459,up_to_date,已是最新: 2026-06-17,0
1460,up_to_date,已是最新: 2026-06-17,0
1463,up_to_date,已是最新: 2026-06-17,0
1464,up_to_date,已是最新: 2026-06-17,0
1465,up_to_date,已是最新: 2026-06-17,0
1466,up_to_date,已是最新: 2026-06-17,0
1467,up_to_date,已是最新: 2026-06-17,0
1468,up_to_date,已是最新: 2026-06-17,0
1470,up_to_date,已是最新: 2026-06-17,0
1471,up_to_date,已是最新: 2026-06-17,0
1472,up_to_date,已是最新: 2026-06-17,0
1473,up_to_date,已是最新: 2026-06-17,0
1474,up_to_date,已是最新: 2026-06-17,0
1475,up_to_date,已是最新: 2026-06-17,0
1476,up_to_date,已是最新: 2026-06-17,0
1477,up_to_date,已是最新: 2026-06-17,0
1503,up_to_date,已是最新: 2026-06-17,0
1504,up_to_date,已是最新: 2026-06-17,0
1506,up_to_date,已是最新: 2026-06-17,0
1512,up_to_date,已是最新: 2026-06-17,0
1513,up_to_date,已是最新: 2026-06-17,0
1514,up_to_date,已是最新: 2026-06-17,0
1515,up_to_date,已是最新: 2026-06-17,0
1516,up_to_date,已是最新: 2026-06-17,0
1517,up_to_date,已是最新: 2026-06-17,0
1519,up_to_date,已是最新: 2026-06-17,0
1521,up_to_date,已是最新: 2026-06-17,0
1522,up_to_date,已是最新: 2026-06-17,0
1524,up_to_date,已是最新: 2026-06-17,0
1525,up_to_date,已是最新: 2026-06-17,0
1526,up_to_date,已是最新: 2026-06-17,0
1527,up_to_date,已是最新: 2026-06-17,0
1528,up_to_date,已是最新: 2026-06-17,0
1529,up_to_date,已是最新: 2026-06-17,0
1530,up_to_date,已是最新: 2026-06-17,0
1531,up_to_date,已是最新: 2026-06-17,0
1532,up_to_date,已是最新: 2026-06-17,0
1533,up_to_date,已是最新: 2026-06-17,0
1535,up_to_date,已是最新: 2026-06-17,0
1536,up_to_date,已是最新: 2026-06-17,0
1537,up_to_date,已是最新: 2026-06-17,0
1538,up_to_date,已是最新: 2026-06-17,0
1539,updated,補 2026-06-17 ~ 2026-06-17,1
1540,up_to_date,已是最新: 2026-06-17,0
1541,up_to_date,已是最新: 2026-06-17,0
1558,up_to_date,已是最新: 2026-06-17,0
1560,up_to_date,已是最新: 2026-06-17,0
1563,up_to_date,已是最新: 2026-06-17,0
1568,up_to_date,已是最新: 2026-06-17,0
1582,up_to_date,已是最新: 2026-06-17,0
1583,up_to_date,已是最新: 2026-06-17,0
1587,up_to_date,已是最新: 2026-06-17,0
1589,no_new_data,2026-04-03 ~ 2026-06-17 查無新資料,0
1590,up_to_date,已是最新: 2026-06-17,0
1597,up_to_date,已是最新: 2026-06-17,0
1598,up_to_date,已是最新: 2026-06-17,0
1603,up_to_date,已是最新: 2026-06-17,0
1604,up_to_date,已是最新: 2026-06-17,0
1605,up_to_date,已是最新: 2026-06-17,0
1608,up_to_date,已是最新: 2026-06-17,0
1609,up_to_date,已是最新: 2026-06-17,0
1611,up_to_date,已是最新: 2026-06-17,0
1612,up_to_date,已是最新: 2026-06-17,0
1614,up_to_date,已是最新: 2026-06-17,0
1615,up_to_date,已是最新: 2026-06-17,0
1616,up_to_date,已是最新: 2026-06-17,0
1617,up_to_date,已是最新: 2026-06-17,0
1618,up_to_date,已是最新: 2026-06-17,0
1623,up_to_date,已是最新: 2026-06-17,0
1626,up_to_date,已是最新: 2026-06-17,0
1702,up_to_date,已是最新: 2026-06-17,0
1707,up_to_date,已是最新: 2026-06-17,0
1708,up_to_date,已是最新: 2026-06-17,0
1709,up_to_date,已是最新: 2026-06-17,0
1710,up_to_date,已是最新: 2026-06-17,0
1711,up_to_date,已是最新: 2026-06-17,0
1712,up_to_date,已是最新: 2026-06-17,0
1713,up_to_date,已是最新: 2026-06-17,0
1714,up_to_date,已是最新: 2026-06-17,0
1717,up_to_date,已是最新: 2026-06-17,0
1718,up_to_date,已是最新: 2026-06-17,0
1720,up_to_date,已是最新: 2026-06-17,0
1721,up_to_date,已是最新: 2026-06-17,0
1722,up_to_date,已是最新: 2026-06-17,0
1723,up_to_date,已是最新: 2026-06-17,0
1725,up_to_date,已是最新: 2026-06-17,0
1726,up_to_date,已是最新: 2026-06-17,0
1727,up_to_date,已是最新: 2026-06-17,0
1730,up_to_date,已是最新: 2026-06-17,0
1731,up_to_date,已是最新: 2026-06-17,0
1732,up_to_date,已是最新: 2026-06-17,0
1733,up_to_date,已是最新: 2026-06-17,0
1734,up_to_date,已是最新: 2026-06-17,0
1735,up_to_date,已是最新: 2026-06-17,0
1736,up_to_date,已是最新: 2026-06-17,0
1737,up_to_date,已是最新: 2026-06-17,0
1752,up_to_date,已是最新: 2026-06-17,0
1760,up_to_date,已是最新: 2026-06-17,0
1762,up_to_date,已是最新: 2026-06-17,0
1773,up_to_date,已是最新: 2026-06-17,0
1776,up_to_date,已是最新: 2026-06-17,0
1783,up_to_date,已是最新: 2026-06-17,0
1786,up_to_date,已是最新: 2026-06-17,0
1789,up_to_date,已是最新: 2026-06-17,0
1795,up_to_date,已是最新: 2026-06-17,0
1802,up_to_date,已是最新: 2026-06-17,0
1805,up_to_date,已是最新: 2026-06-17,0
1806,up_to_date,已是最新: 2026-06-17,0
1808,up_to_date,已是最新: 2026-06-17,0
1809,up_to_date,已是最新: 2026-06-17,0
1810,up_to_date,已是最新: 2026-06-17,0
1817,up_to_date,已是最新: 2026-06-17,0
1903,updated,補 2026-06-17 ~ 2026-06-17,1
1904,up_to_date,已是最新: 2026-06-17,0
1905,up_to_date,已是最新: 2026-06-17,0
1906,up_to_date,已是最新: 2026-06-17,0
1907,up_to_date,已是最新: 2026-06-17,0
1909,up_to_date,已是最新: 2026-06-17,0
2002,up_to_date,已是最新: 2026-06-17,0
2006,up_to_date,已是最新: 2026-06-17,0
2007,up_to_date,已是最新: 2026-06-17,0
2008,up_to_date,已是最新: 2026-06-17,0
2009,up_to_date,已是最新: 2026-06-17,0
2010,up_to_date,已是最新: 2026-06-17,0
2012,up_to_date,已是最新: 2026-06-17,0
2013,up_to_date,已是最新: 2026-06-17,0
2014,up_to_date,已是最新: 2026-06-17,0
2015,up_to_date,已是最新: 2026-06-17,0
2017,updated,補 2026-06-17 ~ 2026-06-17,1
2020,up_to_date,已是最新: 2026-06-17,0
2022,up_to_date,已是最新: 2026-06-17,0
2023,up_to_date,已是最新: 2026-06-17,0
2024,up_to_date,已是最新: 2026-06-17,0
2025,up_to_date,已是最新: 2026-06-17,0
2027,up_to_date,已是最新: 2026-06-17,0
2028,up_to_date,已是最新: 2026-06-17,0
2029,up_to_date,已是最新: 2026-06-17,0
2030,up_to_date,已是最新: 2026-06-17,0
2031,up_to_date,已是最新: 2026-06-17,0
2032,up_to_date,已是最新: 2026-06-17,0
2033,up_to_date,已是最新: 2026-06-17,0
2034,up_to_date,已是最新: 2026-06-17,0
2038,up_to_date,已是最新: 2026-06-17,0
2049,up_to_date,已是最新: 2026-06-17,0
2059,up_to_date,已是最新: 2026-06-17,0
2062,up_to_date,已是最新: 2026-06-17,0
2069,up_to_date,已是最新: 2026-06-17,0
2072,up_to_date,已是最新: 2026-06-17,0
2101,up_to_date,已是最新: 2026-06-17,0
2102,up_to_date,已是最新: 2026-06-17,0
2103,up_to_date,已是最新: 2026-06-17,0
2104,up_to_date,已是最新: 2026-06-17,0
2105,up_to_date,已是最新: 2026-06-17,0
2106,up_to_date,已是最新: 2026-06-17,0
2107,up_to_date,已是最新: 2026-06-17,0
2108,up_to_date,已是最新: 2026-06-17,0
2109,up_to_date,已是最新: 2026-06-17,0
2114,up_to_date,已是最新: 2026-06-17,0
2115,up_to_date,已是最新: 2026-06-17,0
2201,up_to_date,已是最新: 2026-06-17,0
2204,up_to_date,已是最新: 2026-06-17,0
2206,up_to_date,已是最新: 2026-06-17,0
2207,up_to_date,已是最新: 2026-06-17,0
2208,up_to_date,已是最新: 2026-06-17,0
2211,up_to_date,已是最新: 2026-06-17,0
2227,up_to_date,已是最新: 2026-06-17,0
2228,up_to_date,已是最新: 2026-06-17,0
2231,up_to_date,已是最新: 2026-06-17,0
2233,up_to_date,已是最新: 2026-06-17,0
2236,up_to_date,已是最新: 2026-06-17,0
2239,up_to_date,已是最新: 2026-06-17,0
2241,up_to_date,已是最新: 2026-06-17,0
2243,up_to_date,已是最新: 2026-06-17,0
2247,up_to_date,已是最新: 2026-06-17,0
2248,up_to_date,已是最新: 2026-06-17,0
2250,up_to_date,已是最新: 2026-06-17,0
2301,up_to_date,已是最新: 2026-06-17,0
2302,up_to_date,已是最新: 2026-06-17,0
2303,up_to_date,已是最新: 2026-06-17,0
2305,up_to_date,已是最新: 2026-06-17,0
2308,up_to_date,已是最新: 2026-06-17,0
2312,up_to_date,已是最新: 2026-06-17,0
2313,up_to_date,已是最新: 2026-06-17,0
2314,up_to_date,已是最新: 2026-06-17,0
2316,up_to_date,已是最新: 2026-06-17,0
2317,up_to_date,已是最新: 2026-06-17,0
2321,up_to_date,已是最新: 2026-06-17,0
2323,up_to_date,已是最新: 2026-06-17,0
2324,up_to_date,已是最新: 2026-06-17,0
2327,up_to_date,已是最新: 2026-06-17,0
2328,up_to_date,已是最新: 2026-06-17,0
2329,up_to_date,已是最新: 2026-06-17,0
2330,up_to_date,已是最新: 2026-06-17,0
2331,up_to_date,已是最新: 2026-06-17,0
2332,up_to_date,已是最新: 2026-06-17,0
2337,up_to_date,已是最新: 2026-06-17,0
2338,up_to_date,已是最新: 2026-06-17,0
2340,up_to_date,已是最新: 2026-06-17,0
2342,up_to_date,已是最新: 2026-06-17,0
2344,up_to_date,已是最新: 2026-06-17,0
2345,up_to_date,已是最新: 2026-06-17,0
2347,up_to_date,已是最新: 2026-06-17,0
2348,up_to_date,已是最新: 2026-06-17,0
2349,up_to_date,已是最新: 2026-06-17,0
2351,up_to_date,已是最新: 2026-06-17,0
2352,up_to_date,已是最新: 2026-06-17,0
2353,up_to_date,已是最新: 2026-06-17,0
2354,up_to_date,已是最新: 2026-06-17,0
2355,up_to_date,已是最新: 2026-06-17,0
2356,up_to_date,已是最新: 2026-06-17,0
2357,up_to_date,已是最新: 2026-06-17,0
2359,up_to_date,已是最新: 2026-06-17,0
2360,up_to_date,已是最新: 2026-06-17,0
2362,up_to_date,已是最新: 2026-06-17,0
2363,up_to_date,已是最新: 2026-06-17,0
2364,up_to_date,已是最新: 2026-06-17,0
2365,up_to_date,已是最新: 2026-06-17,0
2367,up_to_date,已是最新: 2026-06-17,0
2368,up_to_date,已是最新: 2026-06-17,0
2369,up_to_date,已是最新: 2026-06-17,0
2371,up_to_date,已是最新: 2026-06-17,0
2373,up_to_date,已是最新: 2026-06-17,0
2374,up_to_date,已是最新: 2026-06-17,0
2375,up_to_date,已是最新: 2026-06-17,0
2376,up_to_date,已是最新: 2026-06-17,0
2377,up_to_date,已是最新: 2026-06-17,0
2379,up_to_date,已是最新: 2026-06-17,0
2380,no_new_data,2026-06-17 ~ 2026-06-17 查無新資料,0
2382,up_to_date,已是最新: 2026-06-17,0
2383,up_to_date,已是最新: 2026-06-17,0
2385,up_to_date,已是最新: 2026-06-17,0
2387,up_to_date,已是最新: 2026-06-17,0
2388,up_to_date,已是最新: 2026-06-17,0
2390,up_to_date,已是最新: 2026-06-17,0
2392,up_to_date,已是最新: 2026-06-17,0
2393,up_to_date,已是最新: 2026-06-17,0
2395,up_to_date,已是最新: 2026-06-17,0
2397,up_to_date,已是最新: 2026-06-17,0
2399,up_to_date,已是最新: 2026-06-17,0
2401,up_to_date,已是最新: 2026-06-17,0
2402,up_to_date,已是最新: 2026-06-17,0
2404,up_to_date,已是最新: 2026-06-17,0
2405,up_to_date,已是最新: 2026-06-17,0
2406,up_to_date,已是最新: 2026-06-17,0
2408,up_to_date,已是最新: 2026-06-17,0
2409,up_to_date,已是最新: 2026-06-17,0
2412,up_to_date,已是最新: 2026-06-17,0
2413,up_to_date,已是最新: 2026-06-17,0
2414,up_to_date,已是最新: 2026-06-17,0
2415,up_to_date,已是最新: 2026-06-17,0
2417,up_to_date,已是最新: 2026-06-17,0
2419,up_to_date,已是最新: 2026-06-17,0
2420,up_to_date,已是最新: 2026-06-17,0
2421,up_to_date,已是最新: 2026-06-17,0
2423,up_to_date,已是最新: 2026-06-17,0
2424,up_to_date,已是最新: 2026-06-17,0
2425,up_to_date,已是最新: 2026-06-17,0
2426,up_to_date,已是最新: 2026-06-17,0
2427,up_to_date,已是最新: 2026-06-17,0
2428,up_to_date,已是最新: 2026-06-17,0
2429,up_to_date,已是最新: 2026-06-17,0
2430,up_to_date,已是最新: 2026-06-17,0
2431,up_to_date,已是最新: 2026-06-17,0
2433,up_to_date,已是最新: 2026-06-17,0
2434,up_to_date,已是最新: 2026-06-17,0
2436,up_to_date,已是最新: 2026-06-17,0
2438,up_to_date,已是最新: 2026-06-17,0
2439,up_to_date,已是最新: 2026-06-17,0
2440,up_to_date,已是最新: 2026-06-17,0
2441,up_to_date,已是最新: 2026-06-17,0
2442,up_to_date,已是最新: 2026-06-17,0
2444,up_to_date,已是最新: 2026-06-17,0
2449,up_to_date,已是最新: 2026-06-17,0
2450,up_to_date,已是最新: 2026-06-17,0
2451,up_to_date,已是最新: 2026-06-17,0
2453,up_to_date,已是最新: 2026-06-17,0
2454,up_to_date,已是最新: 2026-06-17,0
2455,up_to_date,已是最新: 2026-06-17,0
2457,up_to_date,已是最新: 2026-06-17,0
2458,up_to_date,已是最新: 2026-06-17,0
2459,up_to_date,已是最新: 2026-06-17,0
2460,up_to_date,已是最新: 2026-06-17,0
2461,up_to_date,已是最新: 2026-06-17,0
2462,up_to_date,已是最新: 2026-06-17,0
2464,up_to_date,已是最新: 2026-06-17,0
2465,up_to_date,已是最新: 2026-06-17,0
2466,up_to_date,已是最新: 2026-06-17,0
2467,up_to_date,已是最新: 2026-06-17,0
2468,up_to_date,已是最新: 2026-06-17,0
2471,up_to_date,已是最新: 2026-06-17,0
2472,up_to_date,已是最新: 2026-06-17,0
2474,up_to_date,已是最新: 2026-06-17,0
2476,up_to_date,已是最新: 2026-06-17,0
2477,up_to_date,已是最新: 2026-06-17,0
2478,up_to_date,已是最新: 2026-06-17,0
2480,up_to_date,已是最新: 2026-06-17,0
2481,up_to_date,已是最新: 2026-06-17,0
2482,up_to_date,已是最新: 2026-06-17,0
2483,up_to_date,已是最新: 2026-06-17,0
2484,up_to_date,已是最新: 2026-06-17,0
2485,up_to_date,已是最新: 2026-06-17,0
2486,up_to_date,已是最新: 2026-06-17,0
2488,up_to_date,已是最新: 2026-06-17,0
2489,up_to_date,已是最新: 2026-06-17,0
2491,up_to_date,已是最新: 2026-06-17,0
2492,up_to_date,已是最新: 2026-06-17,0
2493,up_to_date,已是最新: 2026-06-17,0
2495,up_to_date,已是最新: 2026-06-17,0
2496,up_to_date,已是最新: 2026-06-17,0
2497,up_to_date,已是最新: 2026-06-17,0
2498,up_to_date,已是最新: 2026-06-17,0
2501,up_to_date,已是最新: 2026-06-17,0
2504,up_to_date,已是最新: 2026-06-17,0
2505,up_to_date,已是最新: 2026-06-17,0
2506,up_to_date,已是最新: 2026-06-17,0
2509,up_to_date,已是最新: 2026-06-17,0
2511,up_to_date,已是最新: 2026-06-17,0
2514,up_to_date,已是最新: 2026-06-17,0
2515,up_to_date,已是最新: 2026-06-17,0
2516,up_to_date,已是最新: 2026-06-17,0
2520,up_to_date,已是最新: 2026-06-17,0
2524,up_to_date,已是最新: 2026-06-17,0
2527,up_to_date,已是最新: 2026-06-17,0
2528,up_to_date,已是最新: 2026-06-17,0
2530,up_to_date,已是最新: 2026-06-17,0
2534,up_to_date,已是最新: 2026-06-17,0
2535,up_to_date,已是最新: 2026-06-17,0
2536,up_to_date,已是最新: 2026-06-17,0
2537,up_to_date,已是最新: 2026-06-17,0
2538,up_to_date,已是最新: 2026-06-17,0
2539,up_to_date,已是最新: 2026-06-17,0
2540,up_to_date,已是最新: 2026-06-17,0
2542,up_to_date,已是最新: 2026-06-17,0
2543,up_to_date,已是最新: 2026-06-17,0
2545,up_to_date,已是最新: 2026-06-17,0
2546,up_to_date,已是最新: 2026-06-17,0
2547,up_to_date,已是最新: 2026-06-17,0
2548,up_to_date,已是最新: 2026-06-17,0
2597,up_to_date,已是最新: 2026-06-17,0
2601,up_to_date,已是最新: 2026-06-17,0
2603,up_to_date,已是最新: 2026-06-17,0
2605,up_to_date,已是最新: 2026-06-17,0
2606,up_to_date,已是最新: 2026-06-17,0
2607,up_to_date,已是最新: 2026-06-17,0
2608,up_to_date,已是最新: 2026-06-17,0
2609,up_to_date,已是最新: 2026-06-17,0
2610,up_to_date,已是最新: 2026-06-17,0
2611,up_to_date,已是最新: 2026-06-17,0
2612,up_to_date,已是最新: 2026-06-17,0
2613,up_to_date,已是最新: 2026-06-17,0
2614,up_to_date,已是最新: 2026-06-17,0
2615,up_to_date,已是最新: 2026-06-17,0
2616,up_to_date,已是最新: 2026-06-17,0
2617,up_to_date,已是最新: 2026-06-17,0
2618,up_to_date,已是最新: 2026-06-17,0
2630,up_to_date,已是最新: 2026-06-17,0
2633,up_to_date,已是最新: 2026-06-17,0
2634,up_to_date,已是最新: 2026-06-17,0
2636,up_to_date,已是最新: 2026-06-17,0
2637,up_to_date,已是最新: 2026-06-17,0
2642,up_to_date,已是最新: 2026-06-17,0
2645,up_to_date,已是最新: 2026-06-17,0
2646,up_to_date,已是最新: 2026-06-17,0
2701,up_to_date,已是最新: 2026-06-17,0
2702,up_to_date,已是最新: 2026-06-17,0
2704,up_to_date,已是最新: 2026-06-17,0
2705,up_to_date,已是最新: 2026-06-17,0
2706,up_to_date,已是最新: 2026-06-17,0
2707,up_to_date,已是最新: 2026-06-17,0
2712,up_to_date,已是最新: 2026-06-17,0
2722,up_to_date,已是最新: 2026-06-17,0
2723,up_to_date,已是最新: 2026-06-17,0
2727,up_to_date,已是最新: 2026-06-17,0
2731,up_to_date,已是最新: 2026-06-17,0
2739,up_to_date,已是最新: 2026-06-17,0
2748,up_to_date,已是最新: 2026-06-17,0
2753,up_to_date,已是最新: 2026-06-17,0
2762,up_to_date,已是最新: 2026-06-17,0
2801,up_to_date,已是最新: 2026-06-17,0
2812,up_to_date,已是最新: 2026-06-17,0
2816,up_to_date,已是最新: 2026-06-17,0
2820,up_to_date,已是最新: 2026-06-17,0
2832,up_to_date,已是最新: 2026-06-17,0
2834,up_to_date,已是最新: 2026-06-17,0
2836,up_to_date,已是最新: 2026-06-17,0
2838,up_to_date,已是最新: 2026-06-17,0
2845,up_to_date,已是最新: 2026-06-17,0
2849,up_to_date,已是最新: 2026-06-17,0
2850,up_to_date,已是最新: 2026-06-17,0
2851,up_to_date,已是最新: 2026-06-17,0
2852,up_to_date,已是最新: 2026-06-17,0
2855,up_to_date,已是最新: 2026-06-17,0
2867,up_to_date,已是最新: 2026-06-17,0
2880,up_to_date,已是最新: 2026-06-17,0
2881,up_to_date,已是最新: 2026-06-17,0
2882,up_to_date,已是最新: 2026-06-17,0
2883,up_to_date,已是最新: 2026-06-17,0
2884,up_to_date,已是最新: 2026-06-17,0
2885,up_to_date,已是最新: 2026-06-17,0
2886,up_to_date,已是最新: 2026-06-17,0
2887,up_to_date,已是最新: 2026-06-17,0
2889,up_to_date,已是最新: 2026-06-17,0
2890,up_to_date,已是最新: 2026-06-17,0
2891,up_to_date,已是最新: 2026-06-17,0
2892,up_to_date,已是最新: 2026-06-17,0
2897,up_to_date,已是最新: 2026-06-17,0
2901,up_to_date,已是最新: 2026-06-17,0
2903,up_to_date,已是最新: 2026-06-17,0
2904,up_to_date,已是最新: 2026-06-17,0
2905,up_to_date,已是最新: 2026-06-17,0
2906,up_to_date,已是最新: 2026-06-17,0
2908,up_to_date,已是最新: 2026-06-17,0
2910,up_to_date,已是最新: 2026-06-17,0
2911,up_to_date,已是最新: 2026-06-17,0
2912,up_to_date,已是最新: 2026-06-17,0
2913,up_to_date,已是最新: 2026-06-17,0
2915,up_to_date,已是最新: 2026-06-17,0
2923,up_to_date,已是最新: 2026-06-17,0
2929,up_to_date,已是最新: 2026-06-17,0
2939,up_to_date,已是最新: 2026-06-17,0
2945,up_to_date,已是最新: 2026-06-17,0
3002,up_to_date,已是最新: 2026-06-17,0
3003,up_to_date,已是最新: 2026-06-17,0
3004,up_to_date,已是最新: 2026-06-17,0
3005,up_to_date,已是最新: 2026-06-17,0
3006,up_to_date,已是最新: 2026-06-17,0
3008,up_to_date,已是最新: 2026-06-17,0
3010,up_to_date,已是最新: 2026-06-17,0
3011,up_to_date,已是最新: 2026-06-17,0
3013,up_to_date,已是最新: 2026-06-17,0
3014,up_to_date,已是最新: 2026-06-17,0
3015,up_to_date,已是最新: 2026-06-17,0
3016,up_to_date,已是最新: 2026-06-17,0
3017,up_to_date,已是最新: 2026-06-17,0
3018,up_to_date,已是最新: 2026-06-17,0
3019,up_to_date,已是最新: 2026-06-17,0
3021,up_to_date,已是最新: 2026-06-17,0
3022,up_to_date,已是最新: 2026-06-17,0
3023,up_to_date,已是最新: 2026-06-17,0
3024,up_to_date,已是最新: 2026-06-17,0
3025,up_to_date,已是最新: 2026-06-17,0
3026,up_to_date,已是最新: 2026-06-17,0
3027,up_to_date,已是最新: 2026-06-17,0
3028,up_to_date,已是最新: 2026-06-17,0
3029,up_to_date,已是最新: 2026-06-17,0
3030,up_to_date,已是最新: 2026-06-17,0
3031,up_to_date,已是最新: 2026-06-17,0
3032,up_to_date,已是最新: 2026-06-17,0
3033,up_to_date,已是最新: 2026-06-17,0
3034,up_to_date,已是最新: 2026-06-17,0
3035,up_to_date,已是最新: 2026-06-17,0
3036,up_to_date,已是最新: 2026-06-17,0
3037,up_to_date,已是最新: 2026-06-17,0
3038,up_to_date,已是最新: 2026-06-17,0
3040,up_to_date,已是最新: 2026-06-17,0
3041,up_to_date,已是最新: 2026-06-17,0
3042,up_to_date,已是最新: 2026-06-17,0
3043,updated,補 2026-06-17 ~ 2026-06-17,1
3044,up_to_date,已是最新: 2026-06-17,0
3045,up_to_date,已是最新: 2026-06-17,0
3046,up_to_date,已是最新: 2026-06-17,0
3047,up_to_date,已是最新: 2026-06-17,0
3048,up_to_date,已是最新: 2026-06-17,0
3049,up_to_date,已是最新: 2026-06-17,0
3050,up_to_date,已是最新: 2026-06-17,0
3051,up_to_date,已是最新: 2026-06-17,0
3052,up_to_date,已是最新: 2026-06-17,0
3054,up_to_date,已是最新: 2026-06-17,0
3055,up_to_date,已是最新: 2026-06-17,0
3056,up_to_date,已是最新: 2026-06-17,0
3057,up_to_date,已是最新: 2026-06-17,0
3058,up_to_date,已是最新: 2026-06-17,0
3059,up_to_date,已是最新: 2026-06-17,0
3060,up_to_date,已是最新: 2026-06-17,0
3062,up_to_date,已是最新: 2026-06-17,0
3090,up_to_date,已是最新: 2026-06-17,0
3092,up_to_date,已是最新: 2026-06-17,0
3094,up_to_date,已是最新: 2026-06-17,0
3130,up_to_date,已是最新: 2026-06-17,0
3135,up_to_date,已是最新: 2026-06-17,0
3138,up_to_date,已是最新: 2026-06-17,0
3149,up_to_date,已是最新: 2026-06-17,0
3164,up_to_date,已是最新: 2026-06-17,0
3167,up_to_date,已是最新: 2026-06-17,0
3168,up_to_date,已是最新: 2026-06-17,0
3189,up_to_date,已是最新: 2026-06-17,0
3209,up_to_date,已是最新: 2026-06-17,0
3229,up_to_date,已是最新: 2026-06-17,0
3231,up_to_date,已是最新: 2026-06-17,0
3257,up_to_date,已是最新: 2026-06-17,0
3266,up_to_date,已是最新: 2026-06-17,0
3296,up_to_date,已是最新: 2026-06-17,0
3305,up_to_date,已是最新: 2026-06-17,0
3308,up_to_date,已是最新: 2026-06-17,0
3311,up_to_date,已是最新: 2026-06-17,0
3312,up_to_date,已是最新: 2026-06-17,0
3321,up_to_date,已是最新: 2026-06-17,0
3338,up_to_date,已是最新: 2026-06-17,0
3346,up_to_date,已是最新: 2026-06-17,0
3356,up_to_date,已是最新: 2026-06-17,0
3376,up_to_date,已是最新: 2026-06-17,0
3380,up_to_date,已是最新: 2026-06-17,0
3406,up_to_date,已是最新: 2026-06-17,0
3413,up_to_date,已是最新: 2026-06-17,0
3416,up_to_date,已是最新: 2026-06-17,0
3419,up_to_date,已是最新: 2026-06-17,0
3432,up_to_date,已是最新: 2026-06-17,0
3437,up_to_date,已是最新: 2026-06-17,0
3443,up_to_date,已是最新: 2026-06-17,0
3447,up_to_date,已是最新: 2026-06-17,0
3450,up_to_date,已是最新: 2026-06-17,0
3481,up_to_date,已是最新: 2026-06-17,0
3494,up_to_date,已是最新: 2026-06-17,0
3501,up_to_date,已是最新: 2026-06-17,0
3504,up_to_date,已是最新: 2026-06-17,0
3515,up_to_date,已是最新: 2026-06-17,0
3518,up_to_date,已是最新: 2026-06-17,0
3528,up_to_date,已是最新: 2026-06-17,0
3530,up_to_date,已是最新: 2026-06-17,0
3532,up_to_date,已是最新: 2026-06-17,0
3533,up_to_date,已是最新: 2026-06-17,0
3535,up_to_date,已是最新: 2026-06-17,0
3543,up_to_date,已是最新: 2026-06-17,0
3545,up_to_date,已是最新: 2026-06-17,0
3550,up_to_date,已是最新: 2026-06-17,0
3557,up_to_date,已是最新: 2026-06-17,0
3563,up_to_date,已是最新: 2026-06-17,0
3576,up_to_date,已是最新: 2026-06-17,0
3583,up_to_date,已是最新: 2026-06-17,0
3588,up_to_date,已是最新: 2026-06-17,0
3591,up_to_date,已是最新: 2026-06-17,0
3592,up_to_date,已是最新: 2026-06-17,0
3593,up_to_date,已是最新: 2026-06-17,0
3596,up_to_date,已是最新: 2026-06-17,0
3605,up_to_date,已是最新: 2026-06-17,0
3607,up_to_date,已是最新: 2026-06-17,0
3617,up_to_date,已是最新: 2026-06-17,0
3622,up_to_date,已是最新: 2026-06-17,0
3645,up_to_date,已是最新: 2026-06-17,0
3652,up_to_date,已是最新: 2026-06-17,0
3653,up_to_date,已是最新: 2026-06-17,0
3661,up_to_date,已是最新: 2026-06-17,0
3665,up_to_date,已是最新: 2026-06-17,0
3669,up_to_date,已是最新: 2026-06-17,0
3673,up_to_date,已是最新: 2026-06-17,0
3679,up_to_date,已是最新: 2026-06-17,0
3686,up_to_date,已是最新: 2026-06-17,0
3694,up_to_date,已是最新: 2026-06-17,0
3701,up_to_date,已是最新: 2026-06-17,0
3702,up_to_date,已是最新: 2026-06-17,0
3703,up_to_date,已是最新: 2026-06-17,0
3704,up_to_date,已是最新: 2026-06-17,0
3705,up_to_date,已是最新: 2026-06-17,0
3706,up_to_date,已是最新: 2026-06-17,0
3708,up_to_date,已是最新: 2026-06-17,0
3711,up_to_date,已是最新: 2026-06-17,0
3712,up_to_date,已是最新: 2026-06-17,0
3714,updated,補 2026-06-16 ~ 2026-06-17,2
3715,up_to_date,已是最新: 2026-06-17,0
3716,up_to_date,已是最新: 2026-06-17,0
3717,up_to_date,已是最新: 2026-06-17,0
4104,up_to_date,已是最新: 2026-06-17,0
4106,up_to_date,已是最新: 2026-06-17,0
4108,up_to_date,已是最新: 2026-06-17,0
4119,up_to_date,已是最新: 2026-06-17,0
4133,up_to_date,已是最新: 2026-06-17,0
4137,up_to_date,已是最新: 2026-06-17,0
4142,up_to_date,已是最新: 2026-06-17,0
4148,up_to_date,已是最新: 2026-06-17,0
4155,up_to_date,已是最新: 2026-06-17,0
4164,up_to_date,已是最新: 2026-06-17,0
4169,up_to_date,已是最新: 2026-06-17,0
4178,up_to_date,已是最新: 2026-06-17,0
4190,up_to_date,已是最新: 2026-06-17,0
4306,up_to_date,已是最新: 2026-06-17,0
4414,up_to_date,已是最新: 2026-06-17,0
4426,up_to_date,已是最新: 2026-06-17,0
4438,up_to_date,已是最新: 2026-06-17,0
4439,up_to_date,已是最新: 2026-06-17,0
4440,up_to_date,已是最新: 2026-06-17,0
4441,up_to_date,已是最新: 2026-06-17,0
4526,up_to_date,已是最新: 2026-06-17,0
4532,up_to_date,已是最新: 2026-06-17,0
4536,up_to_date,已是最新: 2026-06-17,0
4540,up_to_date,已是最新: 2026-06-17,0
4545,up_to_date,已是最新: 2026-06-17,0
4551,up_to_date,已是最新: 2026-06-17,0
4552,up_to_date,已是最新: 2026-06-17,0
4555,up_to_date,已是最新: 2026-06-17,0
4557,up_to_date,已是最新: 2026-06-17,0
4560,up_to_date,已是最新: 2026-06-17,0
4562,up_to_date,已是最新: 2026-06-17,0
4564,up_to_date,已是最新: 2026-06-17,0
4566,up_to_date,已是最新: 2026-06-17,0
4569,up_to_date,已是最新: 2026-06-17,0
4571,up_to_date,已是最新: 2026-06-17,0
4572,up_to_date,已是最新: 2026-06-17,0
4576,up_to_date,已是最新: 2026-06-17,0
4581,up_to_date,已是最新: 2026-06-17,0
4583,up_to_date,已是最新: 2026-06-17,0
4585,up_to_date,已是最新: 2026-06-17,0
4588,up_to_date,已是最新: 2026-06-17,0
4720,up_to_date,已是最新: 2026-06-17,0
4722,up_to_date,已是最新: 2026-06-17,0
4736,up_to_date,已是最新: 2026-06-17,0
4737,up_to_date,已是最新: 2026-06-17,0
4739,up_to_date,已是最新: 2026-06-17,0
4746,up_to_date,已是最新: 2026-06-17,0
4755,up_to_date,已是最新: 2026-06-17,0
4763,up_to_date,已是最新: 2026-06-17,0
4764,up_to_date,已是最新: 2026-06-17,0
4766,up_to_date,已是最新: 2026-06-17,0
4770,up_to_date,已是最新: 2026-06-17,0
4771,up_to_date,已是最新: 2026-06-17,0
4807,up_to_date,已是最新: 2026-06-17,0
4904,up_to_date,已是最新: 2026-06-17,0
4906,up_to_date,已是最新: 2026-06-17,0
4912,up_to_date,已是最新: 2026-06-17,0
4915,up_to_date,已是最新: 2026-06-17,0
4916,up_to_date,已是最新: 2026-06-17,0
4919,up_to_date,已是最新: 2026-06-17,0
4927,up_to_date,已是最新: 2026-06-17,0
4930,up_to_date,已是最新: 2026-06-17,0
4934,up_to_date,已是最新: 2026-06-17,0
4935,up_to_date,已是最新: 2026-06-17,0
4938,up_to_date,已是最新: 2026-06-17,0
4942,up_to_date,已是最新: 2026-06-17,0
4943,up_to_date,已是最新: 2026-06-17,0
4949,up_to_date,已是最新: 2026-06-17,0
4952,up_to_date,已是最新: 2026-06-17,0
4956,up_to_date,已是最新: 2026-06-17,0
4958,up_to_date,已是最新: 2026-06-17,0
4960,up_to_date,已是最新: 2026-06-17,0
4961,up_to_date,已是最新: 2026-06-17,0
4967,up_to_date,已是最新: 2026-06-17,0
4968,up_to_date,已是最新: 2026-06-17,0
4976,up_to_date,已是最新: 2026-06-17,0
4977,up_to_date,已是最新: 2026-06-17,0
4989,up_to_date,已是最新: 2026-06-17,0
4994,up_to_date,已是最新: 2026-06-17,0
4999,up_to_date,已是最新: 2026-06-17,0
5007,up_to_date,已是最新: 2026-06-17,0
5203,up_to_date,已是最新: 2026-06-17,0
5215,up_to_date,已是最新: 2026-06-17,0
5222,up_to_date,已是最新: 2026-06-17,0
5225,up_to_date,已是最新: 2026-06-17,0
5234,up_to_date,已是最新: 2026-06-17,0
5243,up_to_date,已是最新: 2026-06-17,0
5244,up_to_date,已是最新: 2026-06-17,0
5258,up_to_date,已是最新: 2026-06-17,0
5269,up_to_date,已是最新: 2026-06-17,0
5283,up_to_date,已是最新: 2026-06-17,0
5284,up_to_date,已是最新: 2026-06-17,0
5285,up_to_date,已是最新: 2026-06-17,0
5288,up_to_date,已是最新: 2026-06-17,0
5292,up_to_date,已是最新: 2026-06-17,0
5306,up_to_date,已是最新: 2026-06-17,0
5388,up_to_date,已是最新: 2026-06-17,0
5434,up_to_date,已是最新: 2026-06-17,0
5469,up_to_date,已是最新: 2026-06-17,0
5471,up_to_date,已是最新: 2026-06-17,0
5484,up_to_date,已是最新: 2026-06-17,0
5515,up_to_date,已是最新: 2026-06-17,0
5519,up_to_date,已是最新: 2026-06-17,0
5521,up_to_date,已是最新: 2026-06-17,0
5522,up_to_date,已是最新: 2026-06-17,0
5525,up_to_date,已是最新: 2026-06-17,0
5531,up_to_date,已是最新: 2026-06-17,0
5533,up_to_date,已是最新: 2026-06-17,0
5534,up_to_date,已是最新: 2026-06-17,0
5538,up_to_date,已是最新: 2026-06-17,0
5546,up_to_date,已是最新: 2026-06-17,0
5607,up_to_date,已是最新: 2026-06-17,0
5608,up_to_date,已是最新: 2026-06-17,0
5706,up_to_date,已是最新: 2026-06-17,0
5871,up_to_date,已是最新: 2026-06-17,0
5876,up_to_date,已是最新: 2026-06-17,0
5880,up_to_date,已是最新: 2026-06-17,0
5906,up_to_date,已是最新: 2026-06-17,0
5907,up_to_date,已是最新: 2026-06-17,0
6005,up_to_date,已是最新: 2026-06-17,0
6024,up_to_date,已是最新: 2026-06-17,0
6108,up_to_date,已是最新: 2026-06-17,0
6112,up_to_date,已是最新: 2026-06-17,0
6115,up_to_date,已是最新: 2026-06-17,0
6116,up_to_date,已是最新: 2026-06-17,0
6117,up_to_date,已是最新: 2026-06-17,0
6120,up_to_date,已是最新: 2026-06-17,0
6128,up_to_date,已是最新: 2026-06-17,0
6133,up_to_date,已是最新: 2026-06-17,0
6136,up_to_date,已是最新: 2026-06-17,0
6139,up_to_date,已是最新: 2026-06-17,0
6141,up_to_date,已是最新: 2026-06-17,0
6142,up_to_date,已是最新: 2026-06-17,0
6152,up_to_date,已是最新: 2026-06-17,0
6153,up_to_date,已是最新: 2026-06-17,0
6155,up_to_date,已是最新: 2026-06-17,0
6164,up_to_date,已是最新: 2026-06-17,0
6165,up_to_date,已是最新: 2026-06-17,0
6166,up_to_date,已是最新: 2026-06-17,0
6168,up_to_date,已是最新: 2026-06-17,0
6176,up_to_date,已是最新: 2026-06-17,0
6177,up_to_date,已是最新: 2026-06-17,0
6183,up_to_date,已是最新: 2026-06-17,0
6184,up_to_date,已是最新: 2026-06-17,0
6189,up_to_date,已是最新: 2026-06-17,0
6191,up_to_date,已是最新: 2026-06-17,0
6192,up_to_date,已是最新: 2026-06-17,0
6196,up_to_date,已是最新: 2026-06-17,0
6197,up_to_date,已是最新: 2026-06-17,0
6201,up_to_date,已是最新: 2026-06-17,0
6202,up_to_date,已是最新: 2026-06-17,0
6205,up_to_date,已是最新: 2026-06-17,0
6206,up_to_date,已是最新: 2026-06-17,0
6209,up_to_date,已是最新: 2026-06-17,0
6213,up_to_date,已是最新: 2026-06-17,0
6214,up_to_date,已是最新: 2026-06-17,0
6215,up_to_date,已是最新: 2026-06-17,0
6216,up_to_date,已是最新: 2026-06-17,0
6224,up_to_date,已是最新: 2026-06-17,0
6225,up_to_date,已是最新: 2026-06-17,0
6226,up_to_date,已是最新: 2026-06-17,0
6230,up_to_date,已是最新: 2026-06-17,0
6235,up_to_date,已是最新: 2026-06-17,0
6239,up_to_date,已是最新: 2026-06-17,0
6243,up_to_date,已是最新: 2026-06-17,0
6257,up_to_date,已是最新: 2026-06-17,0
6269,up_to_date,已是最新: 2026-06-17,0
6271,up_to_date,已是最新: 2026-06-17,0
6272,up_to_date,已是最新: 2026-06-17,0
6277,up_to_date,已是最新: 2026-06-17,0
6278,up_to_date,已是最新: 2026-06-17,0
6281,up_to_date,已是最新: 2026-06-17,0
6282,up_to_date,已是最新: 2026-06-17,0
6283,up_to_date,已是最新: 2026-06-17,0
6285,up_to_date,已是最新: 2026-06-17,0
6405,up_to_date,已是最新: 2026-06-17,0
6409,up_to_date,已是最新: 2026-06-17,0
6412,up_to_date,已是最新: 2026-06-17,0
6414,up_to_date,已是最新: 2026-06-17,0
6415,up_to_date,已是最新: 2026-06-17,0
6416,up_to_date,已是最新: 2026-06-17,0
6426,up_to_date,已是最新: 2026-06-17,0
6431,up_to_date,已是最新: 2026-06-17,0
6438,up_to_date,已是最新: 2026-06-17,0
6442,up_to_date,已是最新: 2026-06-17,0
6443,up_to_date,已是最新: 2026-06-17,0
6446,up_to_date,已是最新: 2026-06-17,0
6449,up_to_date,已是最新: 2026-06-17,0
6451,up_to_date,已是最新: 2026-06-17,0
6456,up_to_date,已是最新: 2026-06-17,0
6464,up_to_date,已是最新: 2026-06-17,0
6472,up_to_date,已是最新: 2026-06-17,0
6477,up_to_date,已是最新: 2026-06-17,0
6491,up_to_date,已是最新: 2026-06-17,0
6504,up_to_date,已是最新: 2026-06-17,0
6505,up_to_date,已是最新: 2026-06-17,0
6515,up_to_date,已是最新: 2026-06-17,0
6525,up_to_date,已是最新: 2026-06-17,0
6526,up_to_date,已是最新: 2026-06-17,0
6531,up_to_date,已是最新: 2026-06-17,0
6533,up_to_date,已是最新: 2026-06-17,0
6541,up_to_date,已是最新: 2026-06-17,0
6550,up_to_date,已是最新: 2026-06-17,0
6552,up_to_date,已是最新: 2026-06-17,0
6558,up_to_date,已是最新: 2026-06-17,0
6573,up_to_date,已是最新: 2026-06-17,0
6579,up_to_date,已是最新: 2026-06-17,0
6581,up_to_date,已是最新: 2026-06-17,0
6582,up_to_date,已是最新: 2026-06-17,0
6585,up_to_date,已是最新: 2026-06-17,0
6589,up_to_date,已是最新: 2026-06-17,0
6591,up_to_date,已是最新: 2026-06-17,0
6592,up_to_date,已是最新: 2026-06-17,0
6598,up_to_date,已是最新: 2026-06-17,0
6605,up_to_date,已是最新: 2026-06-17,0
6606,up_to_date,已是最新: 2026-06-17,0
6614,up_to_date,已是最新: 2026-06-17,0
6625,up_to_date,已是最新: 2026-06-17,0
6641,up_to_date,已是最新: 2026-06-17,0
6655,up_to_date,已是最新: 2026-06-17,0
6657,up_to_date,已是最新: 2026-06-17,0
6658,up_to_date,已是最新: 2026-06-17,0
6666,up_to_date,已是最新: 2026-06-17,0
6668,up_to_date,已是最新: 2026-06-17,0
6669,up_to_date,已是最新: 2026-06-17,0
6670,up_to_date,已是最新: 2026-06-17,0
6671,up_to_date,已是最新: 2026-06-17,0
6672,up_to_date,已是最新: 2026-06-17,0
6674,up_to_date,已是最新: 2026-06-17,0
6689,up_to_date,已是最新: 2026-06-17,0
6691,up_to_date,已是最新: 2026-06-17,0
6695,up_to_date,已是最新: 2026-06-17,0
6698,up_to_date,已是最新: 2026-06-17,0
6706,up_to_date,已是最新: 2026-06-17,0
6715,up_to_date,已是最新: 2026-06-17,0
6719,up_to_date,已是最新: 2026-06-17,0
6722,up_to_date,已是最新: 2026-06-17,0
6742,up_to_date,已是最新: 2026-06-17,0
6743,up_to_date,已是最新: 2026-06-17,0
6753,up_to_date,已是最新: 2026-06-17,0
6754,up_to_date,已是最新: 2026-06-17,0
6756,up_to_date,已是最新: 2026-06-17,0
6757,up_to_date,已是最新: 2026-06-17,0
6768,up_to_date,已是最新: 2026-06-17,0
6770,up_to_date,已是最新: 2026-06-17,0
6776,up_to_date,已是最新: 2026-06-17,0
6781,up_to_date,已是最新: 2026-06-17,0
6782,up_to_date,已是最新: 2026-06-17,0
6789,up_to_date,已是最新: 2026-06-17,0
6790,up_to_date,已是最新: 2026-06-17,0
6792,up_to_date,已是最新: 2026-06-17,0
6794,up_to_date,已是最新: 2026-06-17,0
6796,up_to_date,已是最新: 2026-06-17,0
6799,up_to_date,已是最新: 2026-06-17,0
6805,up_to_date,已是最新: 2026-06-17,0
6806,up_to_date,已是最新: 2026-06-17,0
6807,up_to_date,已是最新: 2026-06-17,0
6830,up_to_date,已是最新: 2026-06-17,0
6831,up_to_date,已是最新: 2026-06-17,0
6834,up_to_date,已是最新: 2026-06-17,0
6835,up_to_date,已是最新: 2026-06-17,0
6838,up_to_date,已是最新: 2026-06-17,0
6861,up_to_date,已是最新: 2026-06-17,0
6862,up_to_date,已是最新: 2026-06-17,0
6863,up_to_date,已是最新: 2026-06-17,0
6869,up_to_date,已是最新: 2026-06-17,0
6873,up_to_date,已是最新: 2026-06-17,0
6885,up_to_date,已是最新: 2026-06-17,0
6887,up_to_date,已是最新: 2026-06-17,0
6890,up_to_date,已是最新: 2026-06-17,0
6901,up_to_date,已是最新: 2026-06-17,0
6902,up_to_date,已是最新: 2026-06-17,0
6906,up_to_date,已是最新: 2026-06-17,0
6909,up_to_date,已是最新: 2026-06-17,0
6914,up_to_date,已是最新: 2026-06-17,0
6916,up_to_date,已是最新: 2026-06-17,0
6918,up_to_date,已是最新: 2026-06-17,0
6919,up_to_date,已是最新: 2026-06-17,0
6923,up_to_date,已是最新: 2026-06-17,0
6928,up_to_date,已是最新: 2026-06-17,0
6931,up_to_date,已是最新: 2026-06-17,0
6933,up_to_date,已是最新: 2026-06-17,0
6934,up_to_date,已是最新: 2026-06-17,0
6936,up_to_date,已是最新: 2026-06-17,0
6937,up_to_date,已是最新: 2026-06-17,0
6944,up_to_date,已是最新: 2026-06-17,0
6952,up_to_date,已是最新: 2026-06-17,0
6957,up_to_date,已是最新: 2026-06-17,0
6958,up_to_date,已是最新: 2026-06-17,0
6962,up_to_date,已是最新: 2026-06-17,0
6965,up_to_date,已是最新: 2026-06-17,0
6994,up_to_date,已是最新: 2026-06-17,0
7705,up_to_date,已是最新: 2026-06-17,0
7711,up_to_date,已是最新: 2026-06-17,0
7721,up_to_date,已是最新: 2026-06-17,0
7722,up_to_date,已是最新: 2026-06-17,0
7732,up_to_date,已是最新: 2026-06-17,0
7736,up_to_date,已是最新: 2026-06-17,0
7749,up_to_date,已是最新: 2026-06-17,0
7750,up_to_date,已是最新: 2026-06-17,0
7760,up_to_date,已是最新: 2026-06-17,0
7765,up_to_date,已是最新: 2026-06-17,0
7768,up_to_date,已是最新: 2026-06-17,0
7769,up_to_date,已是最新: 2026-06-17,0
7780,up_to_date,已是最新: 2026-06-17,0
7786,up_to_date,已是最新: 2026-06-17,0
7788,up_to_date,已是最新: 2026-06-17,0
7791,up_to_date,已是最新: 2026-06-17,0
7795,up_to_date,已是最新: 2026-06-17,0
7799,up_to_date,已是最新: 2026-06-17,0
7818,up_to_date,已是最新: 2026-06-17,0
7821,up_to_date,已是最新: 2026-06-17,0
7822,up_to_date,已是最新: 2026-06-17,0
8011,up_to_date,已是最新: 2026-06-17,0
8016,up_to_date,已是最新: 2026-06-17,0
8021,up_to_date,已是最新: 2026-06-17,0
8028,up_to_date,已是最新: 2026-06-17,0
8033,up_to_date,已是最新: 2026-06-17,0
8039,up_to_date,已是最新: 2026-06-17,0
8045,up_to_date,已是最新: 2026-06-17,0
8046,up_to_date,已是最新: 2026-06-17,0
8070,up_to_date,已是最新: 2026-06-17,0
8072,up_to_date,已是最新: 2026-06-17,0
8081,up_to_date,已是最新: 2026-06-17,0
8101,up_to_date,已是最新: 2026-06-17,0
8103,up_to_date,已是最新: 2026-06-17,0
8104,up_to_date,已是最新: 2026-06-17,0
8105,up_to_date,已是最新: 2026-06-17,0
8110,up_to_date,已是最新: 2026-06-17,0
8112,up_to_date,已是最新: 2026-06-17,0
8114,up_to_date,已是最新: 2026-06-17,0
8131,up_to_date,已是最新: 2026-06-17,0
8150,up_to_date,已是最新: 2026-06-17,0
8163,up_to_date,已是最新: 2026-06-17,0
8201,up_to_date,已是最新: 2026-06-17,0
8210,up_to_date,已是最新: 2026-06-17,0
8213,up_to_date,已是最新: 2026-06-17,0
8215,up_to_date,已是最新: 2026-06-17,0
8222,up_to_date,已是最新: 2026-06-17,0
8249,up_to_date,已是最新: 2026-06-17,0
8261,up_to_date,已是最新: 2026-06-17,0
8271,up_to_date,已是最新: 2026-06-17,0
8341,up_to_date,已是最新: 2026-06-17,0
8367,up_to_date,已是最新: 2026-06-17,0
8374,up_to_date,已是最新: 2026-06-17,0
8404,up_to_date,已是最新: 2026-06-17,0
8411,up_to_date,已是最新: 2026-06-17,0
8422,up_to_date,已是最新: 2026-06-17,0
8429,up_to_date,已是最新: 2026-06-17,0
8438,up_to_date,已是最新: 2026-06-17,0
8442,up_to_date,已是最新: 2026-06-17,0
8443,up_to_date,已是最新: 2026-06-17,0
8454,up_to_date,已是最新: 2026-06-17,0
8462,up_to_date,已是最新: 2026-06-17,0
8463,up_to_date,已是最新: 2026-06-17,0
8464,up_to_date,已是最新: 2026-06-17,0
8466,up_to_date,已是最新: 2026-06-17,0
8467,up_to_date,已是最新: 2026-06-17,0
8473,up_to_date,已是最新: 2026-06-17,0
8476,up_to_date,已是最新: 2026-06-17,0
8478,up_to_date,已是最新: 2026-06-17,0
8481,up_to_date,已是最新: 2026-06-17,0
8482,up_to_date,已是最新: 2026-06-17,0
8488,up_to_date,已是最新: 2026-06-17,0
8499,up_to_date,已是最新: 2026-06-17,0
8926,up_to_date,已是最新: 2026-06-17,0
8940,up_to_date,已是最新: 2026-06-17,0
8996,up_to_date,已是最新: 2026-06-17,0
9802,up_to_date,已是最新: 2026-06-17,0
9902,up_to_date,已是最新: 2026-06-17,0
9904,up_to_date,已是最新: 2026-06-17,0
9905,up_to_date,已是最新: 2026-06-17,0
9906,up_to_date,已是最新: 2026-06-17,0
9907,updated,補 2026-06-17 ~ 2026-06-17,1
9908,up_to_date,已是最新: 2026-06-17,0
9910,up_to_date,已是最新: 2026-06-17,0
9911,up_to_date,已是最新: 2026-06-17,0
9912,up_to_date,已是最新: 2026-06-17,0
9914,up_to_date,已是最新: 2026-06-17,0
9917,up_to_date,已是最新: 2026-06-17,0
9918,up_to_date,已是最新: 2026-06-17,0
9919,up_to_date,已是最新: 2026-06-17,0
9921,up_to_date,已是最新: 2026-06-17,0
9924,up_to_date,已是最新: 2026-06-17,0
9925,up_to_date,已是最新: 2026-06-17,0
9926,up_to_date,已是最新: 2026-06-17,0
9927,up_to_date,已是最新: 2026-06-17,0
9928,up_to_date,已是最新: 2026-06-17,0
9929,up_to_date,已是最新: 2026-06-17,0
9930,up_to_date,已是最新: 2026-06-17,0
9931,up_to_date,已是最新: 2026-06-17,0
9933,up_to_date,已是最新: 2026-06-17,0
9934,up_to_date,已是最新: 2026-06-17,0
9935,up_to_date,已是最新: 2026-06-17,0
9937,up_to_date,已是最新: 2026-06-17,0
9938,up_to_date,已是最新: 2026-06-17,0
9939,up_to_date,已是最新: 2026-06-17,0
9940,up_to_date,已是最新: 2026-06-17,0
9941,up_to_date,已是最新: 2026-06-17,0
9942,up_to_date,已是最新: 2026-06-17,0
9943,up_to_date,已是最新: 2026-06-17,0
9944,up_to_date,已是最新: 2026-06-17,0
9945,up_to_date,已是最新: 2026-06-17,0
9946,up_to_date,已是最新: 2026-06-17,0
9955,up_to_date,已是最新: 2026-06-17,0
9958,up_to_date,已是最新: 2026-06-17,0
1240,up_to_date,已是最新: 2026-06-17,0
1259,up_to_date,已是最新: 2026-06-17,0
1264,up_to_date,已是最新: 2026-06-17,0
1268,up_to_date,已是最新: 2026-06-17,0
1336,up_to_date,已是最新: 2026-06-17,0
1565,up_to_date,已是最新: 2026-06-17,0
1569,up_to_date,已是最新: 2026-06-17,0
1570,up_to_date,已是最新: 2026-06-17,0
1580,up_to_date,已是最新: 2026-06-17,0
1584,up_to_date,已是最新: 2026-06-17,0
1586,up_to_date,已是最新: 2026-06-17,0
1591,no_new_data,2026-06-11 ~ 2026-06-17 查無新資料,0
1593,up_to_date,已是最新: 2026-06-17,0
1595,up_to_date,已是最新: 2026-06-17,0
1599,up_to_date,已是最新: 2026-06-17,0
1742,up_to_date,已是最新: 2026-06-17,0
1777,up_to_date,已是最新: 2026-06-17,0
1781,up_to_date,已是最新: 2026-06-17,0
1784,up_to_date,已是最新: 2026-06-17,0
1785,up_to_date,已是最新: 2026-06-17,0
1788,up_to_date,已是最新: 2026-06-17,0
1796,up_to_date,已是最新: 2026-06-17,0
1799,up_to_date,已是最新: 2026-06-17,0
1813,up_to_date,已是最新: 2026-06-17,0
1815,up_to_date,已是最新: 2026-06-17,0
2035,up_to_date,已是最新: 2026-06-17,0
2061,up_to_date,已是最新: 2026-06-17,0
2063,up_to_date,已是最新: 2026-06-17,0
2064,up_to_date,已是最新: 2026-06-17,0
2065,up_to_date,已是最新: 2026-06-17,0
2066,up_to_date,已是最新: 2026-06-17,0
2067,up_to_date,已是最新: 2026-06-17,0
2070,up_to_date,已是最新: 2026-06-17,0
2221,up_to_date,已是最新: 2026-06-17,0
2230,up_to_date,已是最新: 2026-06-17,0
2235,up_to_date,已是最新: 2026-06-17,0
2596,up_to_date,已是最新: 2026-06-17,0
2640,up_to_date,已是最新: 2026-06-17,0
2641,up_to_date,已是最新: 2026-06-17,0
2643,up_to_date,已是最新: 2026-06-17,0
2718,up_to_date,已是最新: 2026-06-17,0
2719,up_to_date,已是最新: 2026-06-17,0
2724,up_to_date,已是最新: 2026-06-17,0
2726,up_to_date,已是最新: 2026-06-17,0
2729,up_to_date,已是最新: 2026-06-17,0
2732,up_to_date,已是最新: 2026-06-17,0
2734,up_to_date,已是最新: 2026-06-17,0
2736,up_to_date,已是最新: 2026-06-17,0
2740,up_to_date,已是最新: 2026-06-17,0
2743,up_to_date,已是最新: 2026-06-17,0
2745,up_to_date,已是最新: 2026-06-17,0
2752,up_to_date,已是最新: 2026-06-17,0
2754,up_to_date,已是最新: 2026-06-17,0
2755,up_to_date,已是最新: 2026-06-17,0
2756,up_to_date,已是最新: 2026-06-17,0
2916,up_to_date,已是最新: 2026-06-17,0
2924,up_to_date,已是最新: 2026-06-17,0
2926,up_to_date,已是最新: 2026-06-17,0
2937,up_to_date,已是最新: 2026-06-17,0
2947,up_to_date,已是最新: 2026-06-17,0
3064,up_to_date,已是最新: 2026-06-17,0
3066,up_to_date,已是最新: 2026-06-17,0
3067,up_to_date,已是最新: 2026-06-17,0
3071,up_to_date,已是最新: 2026-06-17,0
3073,up_to_date,已是最新: 2026-06-17,0
3078,up_to_date,已是最新: 2026-06-17,0
3081,up_to_date,已是最新: 2026-06-17,0
3083,up_to_date,已是最新: 2026-06-17,0
3085,up_to_date,已是最新: 2026-06-17,0
3086,up_to_date,已是最新: 2026-06-17,0
3088,up_to_date,已是最新: 2026-06-17,0
3093,up_to_date,已是最新: 2026-06-17,0
3095,up_to_date,已是最新: 2026-06-17,0
3105,up_to_date,已是最新: 2026-06-17,0
3114,up_to_date,已是最新: 2026-06-17,0
3115,up_to_date,已是最新: 2026-06-17,0
3118,up_to_date,已是最新: 2026-06-17,0
3122,up_to_date,已是最新: 2026-06-17,0
3128,up_to_date,已是最新: 2026-06-17,0
3131,up_to_date,已是最新: 2026-06-17,0
3141,up_to_date,已是最新: 2026-06-17,0
3147,up_to_date,已是最新: 2026-06-17,0
3152,up_to_date,已是最新: 2026-06-17,0
3162,up_to_date,已是最新: 2026-06-17,0
3163,up_to_date,已是最新: 2026-06-17,0
3169,up_to_date,已是最新: 2026-06-17,0
3171,up_to_date,已是最新: 2026-06-17,0
3176,up_to_date,已是最新: 2026-06-17,0
3178,up_to_date,已是最新: 2026-06-17,0
3188,up_to_date,已是最新: 2026-06-17,0
3191,up_to_date,已是最新: 2026-06-17,0
3205,up_to_date,已是最新: 2026-06-17,0
3206,up_to_date,已是最新: 2026-06-17,0
3207,up_to_date,已是最新: 2026-06-17,0
3211,up_to_date,已是最新: 2026-06-17,0
3213,up_to_date,已是最新: 2026-06-17,0
3217,up_to_date,已是最新: 2026-06-17,0
3218,up_to_date,已是最新: 2026-06-17,0
3219,up_to_date,已是最新: 2026-06-17,0
3221,up_to_date,已是最新: 2026-06-17,0
3224,up_to_date,已是最新: 2026-06-17,0
3226,up_to_date,已是最新: 2026-06-17,0
3227,up_to_date,已是最新: 2026-06-17,0
3228,up_to_date,已是最新: 2026-06-17,0
3230,up_to_date,已是最新: 2026-06-17,0
3232,up_to_date,已是最新: 2026-06-17,0
3234,up_to_date,已是最新: 2026-06-17,0
3236,up_to_date,已是最新: 2026-06-17,0
3252,up_to_date,已是最新: 2026-06-17,0
3259,up_to_date,已是最新: 2026-06-17,0
3260,up_to_date,已是最新: 2026-06-17,0
3264,up_to_date,已是最新: 2026-06-17,0
3265,up_to_date,已是最新: 2026-06-17,0
3268,up_to_date,已是最新: 2026-06-17,0
3272,up_to_date,已是最新: 2026-06-17,0
3276,up_to_date,已是最新: 2026-06-17,0
3284,up_to_date,已是最新: 2026-06-17,0
3285,up_to_date,已是最新: 2026-06-17,0
3287,up_to_date,已是最新: 2026-06-17,0
3288,up_to_date,已是最新: 2026-06-17,0
3289,up_to_date,已是最新: 2026-06-17,0
3290,up_to_date,已是最新: 2026-06-17,0
3293,up_to_date,已是最新: 2026-06-17,0
3294,up_to_date,已是最新: 2026-06-17,0
3297,up_to_date,已是最新: 2026-06-17,0
3303,up_to_date,已是最新: 2026-06-17,0
3306,up_to_date,已是最新: 2026-06-17,0
3310,up_to_date,已是最新: 2026-06-17,0
3313,up_to_date,已是最新: 2026-06-17,0
3317,up_to_date,已是最新: 2026-06-17,0
3322,up_to_date,已是最新: 2026-06-17,0
3323,up_to_date,已是最新: 2026-06-17,0
3324,up_to_date,已是最新: 2026-06-17,0
3325,up_to_date,已是最新: 2026-06-17,0
3332,up_to_date,已是最新: 2026-06-17,0
3339,up_to_date,已是最新: 2026-06-17,0
3349,up_to_date,已是最新: 2026-06-17,0
3354,up_to_date,已是最新: 2026-06-17,0
3357,up_to_date,已是最新: 2026-06-17,0
3360,up_to_date,已是最新: 2026-06-17,0
3362,up_to_date,已是最新: 2026-06-17,0
3363,up_to_date,已是最新: 2026-06-17,0
3372,up_to_date,已是最新: 2026-06-17,0
3373,up_to_date,已是最新: 2026-06-17,0
3374,up_to_date,已是最新: 2026-06-17,0
3379,up_to_date,已是最新: 2026-06-17,0
3388,up_to_date,已是最新: 2026-06-17,0
3390,up_to_date,已是最新: 2026-06-17,0
3402,up_to_date,已是最新: 2026-06-17,0
3430,up_to_date,已是最新: 2026-06-17,0
3434,up_to_date,已是最新: 2026-06-17,0
3438,up_to_date,已是最新: 2026-06-17,0
3441,up_to_date,已是最新: 2026-06-17,0
3444,up_to_date,已是最新: 2026-06-17,0
3455,up_to_date,已是最新: 2026-06-17,0
3465,up_to_date,已是最新: 2026-06-17,0
3466,up_to_date,已是最新: 2026-06-17,0
3479,up_to_date,已是最新: 2026-06-17,0
3483,up_to_date,已是最新: 2026-06-17,0
3484,up_to_date,已是最新: 2026-06-17,0
3489,up_to_date,已是最新: 2026-06-17,0
3490,up_to_date,已是最新: 2026-06-17,0
3491,up_to_date,已是最新: 2026-06-17,0
3492,up_to_date,已是最新: 2026-06-17,0
3498,up_to_date,已是最新: 2026-06-17,0
3499,up_to_date,已是最新: 2026-06-17,0
3508,up_to_date,已是最新: 2026-06-17,0
3511,up_to_date,已是最新: 2026-06-17,0
3512,up_to_date,已是最新: 2026-06-17,0
3516,up_to_date,已是最新: 2026-06-17,0
3520,up_to_date,已是最新: 2026-06-17,0
3521,up_to_date,已是最新: 2026-06-17,0
3522,up_to_date,已是最新: 2026-06-17,0
3523,up_to_date,已是最新: 2026-06-17,0
3526,up_to_date,已是最新: 2026-06-17,0
3527,up_to_date,已是最新: 2026-06-17,0
3529,up_to_date,已是最新: 2026-06-17,0
3531,up_to_date,已是最新: 2026-06-17,0
3537,up_to_date,已是最新: 2026-06-17,0
3540,up_to_date,已是最新: 2026-06-17,0
3541,up_to_date,已是最新: 2026-06-17,0
3546,up_to_date,已是最新: 2026-06-17,0
3548,up_to_date,已是最新: 2026-06-17,0
3551,up_to_date,已是最新: 2026-06-17,0
3552,up_to_date,已是最新: 2026-06-17,0
3555,up_to_date,已是最新: 2026-06-17,0
3556,up_to_date,已是最新: 2026-06-17,0
3558,up_to_date,已是最新: 2026-06-17,0
3564,up_to_date,已是最新: 2026-06-17,0
3567,up_to_date,已是最新: 2026-06-17,0
3570,up_to_date,已是最新: 2026-06-17,0
3577,up_to_date,已是最新: 2026-06-17,0
3580,up_to_date,已是最新: 2026-06-17,0
3581,up_to_date,已是最新: 2026-06-17,0
3587,up_to_date,已是最新: 2026-06-17,0
3594,up_to_date,已是最新: 2026-06-17,0
3597,up_to_date,已是最新: 2026-06-17,0
3609,up_to_date,已是最新: 2026-06-17,0
3611,up_to_date,已是最新: 2026-06-17,0
3615,up_to_date,已是最新: 2026-06-17,0
3623,up_to_date,已是最新: 2026-06-17,0
3624,up_to_date,已是最新: 2026-06-17,0
3625,up_to_date,已是最新: 2026-06-17,0
3628,up_to_date,已是最新: 2026-06-17,0
3629,up_to_date,已是最新: 2026-06-17,0
3630,up_to_date,已是最新: 2026-06-17,0
3631,up_to_date,已是最新: 2026-06-17,0
3632,up_to_date,已是最新: 2026-06-17,0
3646,up_to_date,已是最新: 2026-06-17,0
3663,up_to_date,已是最新: 2026-06-17,0
3664,up_to_date,已是最新: 2026-06-17,0
3666,up_to_date,已是最新: 2026-06-17,0
3672,up_to_date,已是最新: 2026-06-17,0
3675,up_to_date,已是最新: 2026-06-17,0
3680,up_to_date,已是最新: 2026-06-17,0
3684,up_to_date,已是最新: 2026-06-17,0
3685,up_to_date,已是最新: 2026-06-17,0
3687,up_to_date,已是最新: 2026-06-17,0
3689,up_to_date,已是最新: 2026-06-17,0
3691,up_to_date,已是最新: 2026-06-17,0
3693,up_to_date,已是最新: 2026-06-17,0
3707,up_to_date,已是最新: 2026-06-17,0
3709,up_to_date,已是最新: 2026-06-17,0
3710,up_to_date,已是最新: 2026-06-17,0
3713,up_to_date,已是最新: 2026-06-17,0
4102,up_to_date,已是最新: 2026-06-17,0
4105,up_to_date,已是最新: 2026-06-17,0
4107,up_to_date,已是最新: 2026-06-17,0
4109,up_to_date,已是最新: 2026-06-17,0
4111,up_to_date,已是最新: 2026-06-17,0
4113,up_to_date,已是最新: 2026-06-17,0
4114,up_to_date,已是最新: 2026-06-17,0
4116,up_to_date,已是最新: 2026-06-17,0
4120,up_to_date,已是最新: 2026-06-17,0
4121,up_to_date,已是最新: 2026-06-17,0
4123,up_to_date,已是最新: 2026-06-17,0
4126,up_to_date,已是最新: 2026-06-17,0
4127,up_to_date,已是最新: 2026-06-17,0
4128,up_to_date,已是最新: 2026-06-17,0
4129,up_to_date,已是最新: 2026-06-17,0
4130,up_to_date,已是最新: 2026-06-17,0
4131,up_to_date,已是最新: 2026-06-17,0
4138,up_to_date,已是最新: 2026-06-17,0
4139,up_to_date,已是最新: 2026-06-17,0
4147,up_to_date,已是最新: 2026-06-17,0
4153,up_to_date,已是最新: 2026-06-17,0
4154,up_to_date,已是最新: 2026-06-17,0
4157,up_to_date,已是最新: 2026-06-17,0
4160,up_to_date,已是最新: 2026-06-17,0
4161,up_to_date,已是最新: 2026-06-17,0
4162,up_to_date,已是最新: 2026-06-17,0
4163,up_to_date,已是最新: 2026-06-17,0
4167,up_to_date,已是最新: 2026-06-17,0
4168,up_to_date,已是最新: 2026-06-17,0
4171,up_to_date,已是最新: 2026-06-17,0
4173,up_to_date,已是最新: 2026-06-17,0
4174,up_to_date,已是最新: 2026-06-17,0
4175,up_to_date,已是最新: 2026-06-17,0
4183,up_to_date,已是最新: 2026-06-17,0
4188,up_to_date,已是最新: 2026-06-17,0
4192,up_to_date,已是最新: 2026-06-17,0
4198,up_to_date,已是最新: 2026-06-17,0
4205,up_to_date,已是最新: 2026-06-17,0
4207,up_to_date,已是最新: 2026-06-17,0
4303,up_to_date,已是最新: 2026-06-17,0
4304,up_to_date,已是最新: 2026-06-17,0
4305,up_to_date,已是最新: 2026-06-17,0
4401,up_to_date,已是最新: 2026-06-17,0
4402,up_to_date,已是最新: 2026-06-17,0
4406,up_to_date,已是最新: 2026-06-17,0
4413,up_to_date,已是最新: 2026-06-17,0
4416,up_to_date,已是最新: 2026-06-17,0
4417,up_to_date,已是最新: 2026-06-17,0
4419,up_to_date,已是最新: 2026-06-17,0
4420,up_to_date,已是最新: 2026-06-17,0
4430,up_to_date,已是最新: 2026-06-17,0
4432,up_to_date,已是最新: 2026-06-17,0
4433,up_to_date,已是最新: 2026-06-17,0
4502,up_to_date,已是最新: 2026-06-17,0
4503,up_to_date,已是最新: 2026-06-17,0
4506,up_to_date,已是最新: 2026-06-17,0
4510,up_to_date,已是最新: 2026-06-17,0
4513,up_to_date,已是最新: 2026-06-17,0
4523,up_to_date,已是最新: 2026-06-17,0
4527,up_to_date,已是最新: 2026-06-17,0
4528,up_to_date,已是最新: 2026-06-17,0
4529,up_to_date,已是最新: 2026-06-17,0
4530,up_to_date,已是最新: 2026-06-17,0
4533,up_to_date,已是最新: 2026-06-17,0
4534,up_to_date,已是最新: 2026-06-17,0
4535,up_to_date,已是最新: 2026-06-17,0
4538,up_to_date,已是最新: 2026-06-17,0
4541,up_to_date,已是最新: 2026-06-17,0
4542,up_to_date,已是最新: 2026-06-17,0
4543,up_to_date,已是最新: 2026-06-17,0
4549,up_to_date,已是最新: 2026-06-17,0
4550,up_to_date,已是最新: 2026-06-17,0
4554,up_to_date,已是最新: 2026-06-17,0
4556,up_to_date,已是最新: 2026-06-17,0
4558,up_to_date,已是最新: 2026-06-17,0
4561,up_to_date,已是最新: 2026-06-17,0
4563,up_to_date,已是最新: 2026-06-17,0
4568,up_to_date,已是最新: 2026-06-17,0
4577,up_to_date,已是最新: 2026-06-17,0
4580,up_to_date,已是最新: 2026-06-17,0
4584,up_to_date,已是最新: 2026-06-17,0
4609,up_to_date,已是最新: 2026-06-17,0
4702,up_to_date,已是最新: 2026-06-17,0
4706,up_to_date,已是最新: 2026-06-17,0
4707,up_to_date,已是最新: 2026-06-17,0
4711,up_to_date,已是最新: 2026-06-17,0
4714,up_to_date,已是最新: 2026-06-17,0
4716,up_to_date,已是最新: 2026-06-17,0
4721,up_to_date,已是最新: 2026-06-17,0
4726,up_to_date,已是最新: 2026-06-17,0
4728,up_to_date,已是最新: 2026-06-17,0
4729,up_to_date,已是最新: 2026-06-17,0
4735,up_to_date,已是最新: 2026-06-17,0
4741,up_to_date,已是最新: 2026-06-17,0
4743,up_to_date,已是最新: 2026-06-17,0
4744,up_to_date,已是最新: 2026-06-17,0
4745,up_to_date,已是最新: 2026-06-17,0
4747,up_to_date,已是最新: 2026-06-17,0
4754,up_to_date,已是最新: 2026-06-17,0
4760,up_to_date,已是最新: 2026-06-17,0
4767,up_to_date,已是最新: 2026-06-17,0
4768,up_to_date,已是最新: 2026-06-17,0
4804,no_new_data,2026-04-14 ~ 2026-06-17 查無新資料,0
4806,up_to_date,已是最新: 2026-06-17,0
4903,up_to_date,已是最新: 2026-06-17,0
4905,up_to_date,已是最新: 2026-06-17,0
4907,up_to_date,已是最新: 2026-06-17,0
4908,up_to_date,已是最新: 2026-06-17,0
4909,up_to_date,已是最新: 2026-06-17,0
4911,up_to_date,已是最新: 2026-06-17,0
4923,up_to_date,已是最新: 2026-06-17,0
4924,up_to_date,已是最新: 2026-06-17,0
4931,up_to_date,已是最新: 2026-06-17,0
4933,up_to_date,已是最新: 2026-06-17,0
4939,up_to_date,已是最新: 2026-06-17,0
4946,up_to_date,已是最新: 2026-06-17,0
4950,up_to_date,已是最新: 2026-06-17,0
4951,up_to_date,已是最新: 2026-06-17,0
4953,up_to_date,已是最新: 2026-06-17,0
4966,up_to_date,已是最新: 2026-06-17,0
4971,up_to_date,已是最新: 2026-06-17,0
4972,up_to_date,已是最新: 2026-06-17,0
4973,up_to_date,已是最新: 2026-06-17,0
4974,up_to_date,已是最新: 2026-06-17,0
4979,up_to_date,已是最新: 2026-06-17,0
4991,up_to_date,已是最新: 2026-06-17,0
4995,up_to_date,已是最新: 2026-06-17,0
5009,up_to_date,已是最新: 2026-06-17,0
5011,up_to_date,已是最新: 2026-06-17,0
5013,up_to_date,已是最新: 2026-06-17,0
5014,up_to_date,已是最新: 2026-06-17,0
5015,up_to_date,已是最新: 2026-06-17,0
5016,up_to_date,已是最新: 2026-06-17,0
5201,up_to_date,已是最新: 2026-06-17,0
5202,up_to_date,已是最新: 2026-06-17,0
5205,up_to_date,已是最新: 2026-06-17,0
5206,up_to_date,已是最新: 2026-06-17,0
5209,up_to_date,已是最新: 2026-06-17,0
5210,up_to_date,已是最新: 2026-06-17,0
5211,up_to_date,已是最新: 2026-06-17,0
5212,up_to_date,已是最新: 2026-06-17,0
5213,up_to_date,已是最新: 2026-06-17,0
5220,up_to_date,已是最新: 2026-06-17,0
5223,up_to_date,已是最新: 2026-06-17,0
5227,up_to_date,已是最新: 2026-06-17,0
5228,up_to_date,已是最新: 2026-06-17,0
5230,up_to_date,已是最新: 2026-06-17,0
5236,up_to_date,已是最新: 2026-06-17,0
5245,up_to_date,已是最新: 2026-06-17,0
5251,up_to_date,已是最新: 2026-06-17,0
5263,up_to_date,已是最新: 2026-06-17,0
5272,up_to_date,已是最新: 2026-06-17,0
5274,up_to_date,已是最新: 2026-06-17,0
5276,up_to_date,已是最新: 2026-06-17,0
5278,up_to_date,已是最新: 2026-06-17,0
5287,up_to_date,已是最新: 2026-06-17,0
5289,up_to_date,已是最新: 2026-06-17,0
5291,up_to_date,已是最新: 2026-06-17,0
5299,up_to_date,已是最新: 2026-06-17,0
5301,up_to_date,已是最新: 2026-06-17,0
5302,up_to_date,已是最新: 2026-06-17,0
5309,up_to_date,已是最新: 2026-06-17,0
5310,up_to_date,已是最新: 2026-06-17,0
5312,up_to_date,已是最新: 2026-06-17,0
5314,up_to_date,已是最新: 2026-06-17,0
5315,up_to_date,已是最新: 2026-06-17,0
5321,up_to_date,已是最新: 2026-06-17,0
5324,up_to_date,已是最新: 2026-06-17,0
5328,up_to_date,已是最新: 2026-06-17,0
5340,up_to_date,已是最新: 2026-06-17,0
5344,up_to_date,已是最新: 2026-06-17,0
5345,up_to_date,已是最新: 2026-06-17,0
5347,up_to_date,已是最新: 2026-06-17,0
5348,up_to_date,已是最新: 2026-06-17,0
5351,up_to_date,已是最新: 2026-06-17,0
5353,up_to_date,已是最新: 2026-06-17,0
5355,up_to_date,已是最新: 2026-06-17,0
5356,up_to_date,已是最新: 2026-06-17,0
5364,up_to_date,已是最新: 2026-06-17,0
5371,up_to_date,已是最新: 2026-06-17,0
5381,up_to_date,已是最新: 2026-06-17,0
5386,up_to_date,已是最新: 2026-06-17,0
5392,up_to_date,已是最新: 2026-06-17,0
5398,up_to_date,已是最新: 2026-06-17,0
5403,up_to_date,已是最新: 2026-06-17,0
5410,up_to_date,已是最新: 2026-06-17,0
5425,up_to_date,已是最新: 2026-06-17,0
5426,up_to_date,已是最新: 2026-06-17,0
5432,up_to_date,已是最新: 2026-06-17,0
5438,up_to_date,已是最新: 2026-06-17,0
5439,up_to_date,已是最新: 2026-06-17,0
5443,up_to_date,已是最新: 2026-06-17,0
5450,up_to_date,已是最新: 2026-06-17,0
5452,up_to_date,已是最新: 2026-06-17,0
5455,up_to_date,已是最新: 2026-06-17,0
5457,up_to_date,已是最新: 2026-06-17,0
5460,up_to_date,已是最新: 2026-06-17,0
5464,up_to_date,已是最新: 2026-06-17,0
5465,up_to_date,已是最新: 2026-06-17,0
5468,up_to_date,已是最新: 2026-06-17,0
5474,up_to_date,已是最新: 2026-06-17,0
5475,up_to_date,已是最新: 2026-06-17,0
5478,up_to_date,已是最新: 2026-06-17,0
5481,up_to_date,已是最新: 2026-06-17,0
5483,up_to_date,已是最新: 2026-06-17,0
5487,up_to_date,已是最新: 2026-06-17,0
5488,up_to_date,已是最新: 2026-06-17,0
5489,up_to_date,已是最新: 2026-06-17,0
5490,up_to_date,已是最新: 2026-06-17,0
5493,up_to_date,已是最新: 2026-06-17,0
5498,up_to_date,已是最新: 2026-06-17,0
5508,up_to_date,已是最新: 2026-06-17,0
5511,up_to_date,已是最新: 2026-06-17,0
5512,up_to_date,已是最新: 2026-06-17,0
5514,up_to_date,已是最新: 2026-06-17,0
5516,up_to_date,已是最新: 2026-06-17,0
5520,up_to_date,已是最新: 2026-06-17,0
5523,up_to_date,已是最新: 2026-06-17,0
5529,up_to_date,已是最新: 2026-06-17,0
5530,up_to_date,已是最新: 2026-06-17,0
5536,up_to_date,已是最新: 2026-06-17,0
5543,up_to_date,已是最新: 2026-06-17,0
5601,up_to_date,已是最新: 2026-06-17,0
5603,up_to_date,已是最新: 2026-06-17,0
5604,up_to_date,已是最新: 2026-06-17,0
5609,up_to_date,已是最新: 2026-06-17,0
5701,up_to_date,已是最新: 2026-06-17,0
5703,up_to_date,已是最新: 2026-06-17,0
5704,up_to_date,已是最新: 2026-06-17,0
5864,up_to_date,已是最新: 2026-06-17,0
5878,up_to_date,已是最新: 2026-06-17,0
5902,up_to_date,已是最新: 2026-06-17,0
5903,up_to_date,已是最新: 2026-06-17,0
5904,up_to_date,已是最新: 2026-06-17,0
5905,up_to_date,已是最新: 2026-06-17,0
6015,up_to_date,已是最新: 2026-06-17,0
6016,up_to_date,已是最新: 2026-06-17,0
6020,up_to_date,已是最新: 2026-06-17,0
6021,up_to_date,已是最新: 2026-06-17,0
6023,up_to_date,已是最新: 2026-06-17,0
6026,up_to_date,已是最新: 2026-06-17,0
6101,up_to_date,已是最新: 2026-06-17,0
6103,up_to_date,已是最新: 2026-06-17,0
6104,up_to_date,已是最新: 2026-06-17,0
6109,up_to_date,已是最新: 2026-06-17,0
6111,up_to_date,已是最新: 2026-06-17,0
6113,up_to_date,已是最新: 2026-06-17,0
6114,up_to_date,已是最新: 2026-06-17,0
6118,up_to_date,已是最新: 2026-06-17,0
6121,up_to_date,已是最新: 2026-06-17,0
6122,up_to_date,已是最新: 2026-06-17,0
6123,up_to_date,已是最新: 2026-06-17,0
6124,up_to_date,已是最新: 2026-06-17,0
6125,up_to_date,已是最新: 2026-06-17,0
6126,up_to_date,已是最新: 2026-06-17,0
6127,up_to_date,已是最新: 2026-06-17,0
6129,up_to_date,已是最新: 2026-06-17,0
6130,up_to_date,已是最新: 2026-06-17,0
6134,up_to_date,已是最新: 2026-06-17,0
6138,up_to_date,已是最新: 2026-06-17,0
6140,up_to_date,已是最新: 2026-06-17,0
6143,up_to_date,已是最新: 2026-06-17,0
6144,up_to_date,已是最新: 2026-06-17,0
6146,up_to_date,已是最新: 2026-06-17,0
6147,up_to_date,已是最新: 2026-06-17,0
6148,up_to_date,已是最新: 2026-06-17,0
6150,up_to_date,已是最新: 2026-06-17,0
6151,up_to_date,已是最新: 2026-06-17,0
6154,up_to_date,已是最新: 2026-06-17,0
6156,up_to_date,已是最新: 2026-06-17,0
6158,up_to_date,已是最新: 2026-06-17,0
6160,up_to_date,已是最新: 2026-06-17,0
6161,up_to_date,已是最新: 2026-06-17,0
6163,up_to_date,已是最新: 2026-06-17,0
6167,up_to_date,已是最新: 2026-06-17,0
6169,up_to_date,已是最新: 2026-06-17,0
6170,up_to_date,已是最新: 2026-06-17,0
6171,up_to_date,已是最新: 2026-06-17,0
6173,up_to_date,已是最新: 2026-06-17,0
6174,up_to_date,已是最新: 2026-06-17,0
6175,up_to_date,已是最新: 2026-06-17,0
6179,up_to_date,已是最新: 2026-06-17,0
6180,up_to_date,已是最新: 2026-06-17,0
6182,up_to_date,已是最新: 2026-06-17,0
6185,up_to_date,已是最新: 2026-06-17,0
6186,up_to_date,已是最新: 2026-06-17,0
6187,up_to_date,已是最新: 2026-06-17,0
6188,up_to_date,已是最新: 2026-06-17,0
6190,up_to_date,已是最新: 2026-06-17,0
6194,up_to_date,已是最新: 2026-06-17,0
6195,up_to_date,已是最新: 2026-06-17,0
6198,up_to_date,已是最新: 2026-06-17,0
6199,up_to_date,已是最新: 2026-06-17,0
6203,up_to_date,已是最新: 2026-06-17,0
6204,up_to_date,已是最新: 2026-06-17,0
6207,up_to_date,已是最新: 2026-06-17,0
6208,up_to_date,已是最新: 2026-06-17,0
6210,up_to_date,已是最新: 2026-06-17,0
6212,up_to_date,已是最新: 2026-06-17,0
6217,up_to_date,已是最新: 2026-06-17,0
6218,up_to_date,已是最新: 2026-06-17,0
6219,up_to_date,已是最新: 2026-06-17,0
6220,up_to_date,已是最新: 2026-06-17,0
6221,up_to_date,已是最新: 2026-06-17,0
6222,up_to_date,已是最新: 2026-06-17,0
6223,up_to_date,已是最新: 2026-06-17,0
6227,up_to_date,已是最新: 2026-06-17,0
6228,up_to_date,已是最新: 2026-06-17,0
6229,up_to_date,已是最新: 2026-06-17,0
6231,up_to_date,已是最新: 2026-06-17,0
6233,up_to_date,已是最新: 2026-06-17,0
6234,up_to_date,已是最新: 2026-06-17,0
6236,up_to_date,已是最新: 2026-06-17,0
6237,up_to_date,已是最新: 2026-06-17,0
6240,up_to_date,已是最新: 2026-06-17,0
6241,up_to_date,已是最新: 2026-06-17,0
6242,up_to_date,已是最新: 2026-06-17,0
6244,up_to_date,已是最新: 2026-06-17,0
6245,up_to_date,已是最新: 2026-06-17,0
6246,up_to_date,已是最新: 2026-06-17,0
6248,up_to_date,已是最新: 2026-06-17,0
6259,up_to_date,已是最新: 2026-06-17,0
6261,up_to_date,已是最新: 2026-06-17,0
6263,up_to_date,已是最新: 2026-06-17,0
6264,up_to_date,已是最新: 2026-06-17,0
6265,up_to_date,已是最新: 2026-06-17,0
6266,up_to_date,已是最新: 2026-06-17,0
6270,up_to_date,已是最新: 2026-06-17,0
6274,up_to_date,已是最新: 2026-06-17,0
6275,up_to_date,已是最新: 2026-06-17,0
6276,up_to_date,已是最新: 2026-06-17,0
6279,up_to_date,已是最新: 2026-06-17,0
6284,up_to_date,已是最新: 2026-06-17,0
6290,up_to_date,已是最新: 2026-06-17,0
6291,up_to_date,已是最新: 2026-06-17,0
6292,up_to_date,已是最新: 2026-06-17,0
6294,up_to_date,已是最新: 2026-06-17,0
6411,up_to_date,已是最新: 2026-06-17,0
6417,up_to_date,已是最新: 2026-06-17,0
6418,up_to_date,已是最新: 2026-06-17,0
6419,up_to_date,已是最新: 2026-06-17,0
6425,up_to_date,已是最新: 2026-06-17,0
6432,up_to_date,已是最新: 2026-06-17,0
6435,up_to_date,已是最新: 2026-06-17,0
6441,up_to_date,已是最新: 2026-06-17,0
6461,up_to_date,已是最新: 2026-06-17,0
6462,up_to_date,已是最新: 2026-06-17,0
6465,up_to_date,已是最新: 2026-06-17,0
6469,up_to_date,已是最新: 2026-06-17,0
6470,up_to_date,已是最新: 2026-06-17,0
6482,up_to_date,已是最新: 2026-06-17,0
6485,up_to_date,已是最新: 2026-06-17,0
6486,up_to_date,已是最新: 2026-06-17,0
6488,up_to_date,已是最新: 2026-06-17,0
6492,up_to_date,已是最新: 2026-06-17,0
6494,up_to_date,已是最新: 2026-06-17,0
6496,up_to_date,已是最新: 2026-06-17,0
6499,up_to_date,已是最新: 2026-06-17,0
6506,up_to_date,已是最新: 2026-06-17,0
6508,up_to_date,已是最新: 2026-06-17,0
6509,up_to_date,已是最新: 2026-06-17,0
6510,up_to_date,已是最新: 2026-06-17,0
6512,up_to_date,已是最新: 2026-06-17,0
6516,up_to_date,已是最新: 2026-06-17,0
6517,up_to_date,已是最新: 2026-06-17,0
6523,up_to_date,已是最新: 2026-06-17,0
6527,up_to_date,已是最新: 2026-06-17,0
6530,up_to_date,已是最新: 2026-06-17,0
6532,up_to_date,已是最新: 2026-06-17,0
6535,up_to_date,已是最新: 2026-06-17,0
6538,up_to_date,已是最新: 2026-06-17,0
6542,up_to_date,已是最新: 2026-06-17,0
6546,up_to_date,已是最新: 2026-06-17,0
6547,up_to_date,已是最新: 2026-06-17,0
6548,up_to_date,已是最新: 2026-06-17,0
6556,up_to_date,已是最新: 2026-06-17,0
6560,up_to_date,已是最新: 2026-06-17,0
6561,up_to_date,已是最新: 2026-06-17,0
6568,up_to_date,已是最新: 2026-06-17,0
6569,up_to_date,已是最新: 2026-06-17,0
6570,up_to_date,已是最新: 2026-06-17,0
6574,up_to_date,已是最新: 2026-06-17,0
6576,up_to_date,已是最新: 2026-06-17,0
6577,up_to_date,已是最新: 2026-06-17,0
6578,up_to_date,已是最新: 2026-06-17,0
6588,up_to_date,已是最新: 2026-06-17,0
6590,up_to_date,已是最新: 2026-06-17,0
6593,up_to_date,已是最新: 2026-06-17,0
6596,up_to_date,已是最新: 2026-06-17,0
6603,up_to_date,已是最新: 2026-06-17,0
6609,up_to_date,已是最新: 2026-06-17,0
6612,up_to_date,已是最新: 2026-06-17,0
6613,up_to_date,已是最新: 2026-06-17,0
6615,up_to_date,已是最新: 2026-06-17,0
6616,up_to_date,已是最新: 2026-06-17,0
6624,up_to_date,已是最新: 2026-06-17,0
6629,up_to_date,已是最新: 2026-06-17,0
6640,up_to_date,已是最新: 2026-06-17,0
6642,up_to_date,已是最新: 2026-06-17,0
6643,up_to_date,已是最新: 2026-06-17,0
6649,up_to_date,已是最新: 2026-06-17,0
6651,up_to_date,已是最新: 2026-06-17,0
6654,up_to_date,已是最新: 2026-06-17,0
6661,up_to_date,已是最新: 2026-06-17,0
6662,up_to_date,已是最新: 2026-06-17,0
6664,up_to_date,已是最新: 2026-06-17,0
6667,up_to_date,已是最新: 2026-06-17,0
6679,up_to_date,已是最新: 2026-06-17,0
6680,up_to_date,已是最新: 2026-06-17,0
6683,up_to_date,已是最新: 2026-06-17,0
6684,up_to_date,已是最新: 2026-06-17,0
6690,up_to_date,已是最新: 2026-06-17,0
6693,up_to_date,已是最新: 2026-06-17,0
6697,up_to_date,已是最新: 2026-06-17,0
6703,up_to_date,已是最新: 2026-06-17,0
6708,up_to_date,已是最新: 2026-06-17,0
6712,up_to_date,已是最新: 2026-06-17,0
6716,up_to_date,已是最新: 2026-06-17,0
6721,up_to_date,已是最新: 2026-06-17,0
6727,up_to_date,已是最新: 2026-06-17,0
6728,up_to_date,已是最新: 2026-06-17,0
6732,up_to_date,已是最新: 2026-06-17,0
6733,up_to_date,已是最新: 2026-06-17,0
6735,up_to_date,已是最新: 2026-06-17,0
6741,up_to_date,已是最新: 2026-06-17,0
6751,up_to_date,已是最新: 2026-06-17,0
6752,up_to_date,已是最新: 2026-06-17,0
6761,up_to_date,已是最新: 2026-06-17,0
6762,up_to_date,已是最新: 2026-06-17,0
6763,up_to_date,已是最新: 2026-06-17,0
6767,up_to_date,已是最新: 2026-06-17,0
6788,up_to_date,已是最新: 2026-06-17,0
6791,up_to_date,已是最新: 2026-06-17,0
6803,up_to_date,已是最新: 2026-06-17,0
6804,up_to_date,已是最新: 2026-06-17,0
6811,up_to_date,已是最新: 2026-06-17,0
6823,up_to_date,已是最新: 2026-06-17,0
6829,up_to_date,已是最新: 2026-06-17,0
6843,up_to_date,已是最新: 2026-06-17,0
6855,up_to_date,已是最新: 2026-06-17,0
6859,up_to_date,已是最新: 2026-06-17,0
6874,up_to_date,已是最新: 2026-06-17,0
6903,missing_skipped,CSV 不存在，預設跳過；若要補缺檔請加 --backfill-missing,0
7402,up_to_date,已是最新: 2026-06-17,0
7556,up_to_date,已是最新: 2026-06-17,0
7584,up_to_date,已是最新: 2026-06-17,0
8024,up_to_date,已是最新: 2026-06-17,0
8027,up_to_date,已是最新: 2026-06-17,0
8032,up_to_date,已是最新: 2026-06-17,0
8034,up_to_date,已是最新: 2026-06-17,0
8038,up_to_date,已是最新: 2026-06-17,0
8040,up_to_date,已是最新: 2026-06-17,0
8042,up_to_date,已是最新: 2026-06-17,0
8043,up_to_date,已是最新: 2026-06-17,0
8044,up_to_date,已是最新: 2026-06-17,0
8047,up_to_date,已是最新: 2026-06-17,0
8048,up_to_date,已是最新: 2026-06-17,0
8049,up_to_date,已是最新: 2026-06-17,0
8050,up_to_date,已是最新: 2026-06-17,0
8054,up_to_date,已是最新: 2026-06-17,0
8059,up_to_date,已是最新: 2026-06-17,0
8064,up_to_date,已是最新: 2026-06-17,0
8066,up_to_date,已是最新: 2026-06-17,0
8067,up_to_date,已是最新: 2026-06-17,0
8068,up_to_date,已是最新: 2026-06-17,0
8069,up_to_date,已是最新: 2026-06-17,0
8071,up_to_date,已是最新: 2026-06-17,0
8074,up_to_date,已是最新: 2026-06-17,0
8076,up_to_date,已是最新: 2026-06-17,0
8077,up_to_date,已是最新: 2026-06-17,0
8080,up_to_date,已是最新: 2026-06-17,0
8083,up_to_date,已是最新: 2026-06-17,0
8084,up_to_date,已是最新: 2026-06-17,0
8085,up_to_date,已是最新: 2026-06-17,0
8086,up_to_date,已是最新: 2026-06-17,0
8087,up_to_date,已是最新: 2026-06-17,0
8088,up_to_date,已是最新: 2026-06-17,0
8089,up_to_date,已是最新: 2026-06-17,0
8091,up_to_date,已是最新: 2026-06-17,0
8092,up_to_date,已是最新: 2026-06-17,0
8093,up_to_date,已是最新: 2026-06-17,0
8096,up_to_date,已是最新: 2026-06-17,0
8097,up_to_date,已是最新: 2026-06-17,0
8099,up_to_date,已是最新: 2026-06-17,0
8107,up_to_date,已是最新: 2026-06-17,0
8109,up_to_date,已是最新: 2026-06-17,0
8111,up_to_date,已是最新: 2026-06-17,0
8121,up_to_date,已是最新: 2026-06-17,0
8147,up_to_date,已是最新: 2026-06-17,0
8155,up_to_date,已是最新: 2026-06-17,0
8171,up_to_date,已是最新: 2026-06-17,0
8176,up_to_date,已是最新: 2026-06-17,0
8182,up_to_date,已是最新: 2026-06-17,0
8183,up_to_date,已是最新: 2026-06-17,0
8227,up_to_date,已是最新: 2026-06-17,0
8234,up_to_date,已是最新: 2026-06-17,0
8240,up_to_date,已是最新: 2026-06-17,0
8255,up_to_date,已是最新: 2026-06-17,0
8277,up_to_date,已是最新: 2026-06-17,0
8279,up_to_date,已是最新: 2026-06-17,0
8284,up_to_date,已是最新: 2026-06-17,0
8289,up_to_date,已是最新: 2026-06-17,0
8291,up_to_date,已是最新: 2026-06-17,0
8299,up_to_date,已是最新: 2026-06-17,0
8342,up_to_date,已是最新: 2026-06-17,0
8349,up_to_date,已是最新: 2026-06-17,0
8354,up_to_date,已是最新: 2026-06-17,0
8358,up_to_date,已是最新: 2026-06-17,0
8383,up_to_date,已是最新: 2026-06-17,0
8390,up_to_date,已是最新: 2026-06-17,0
8401,up_to_date,已是最新: 2026-06-17,0
8403,up_to_date,已是最新: 2026-06-17,0
8409,up_to_date,已是最新: 2026-06-17,0
8410,up_to_date,已是最新: 2026-06-17,0
8415,up_to_date,已是最新: 2026-06-17,0
8416,up_to_date,已是最新: 2026-06-17,0
8421,up_to_date,已是最新: 2026-06-17,0
8423,up_to_date,已是最新: 2026-06-17,0
8424,up_to_date,已是最新: 2026-06-17,0
8426,up_to_date,已是最新: 2026-06-17,0
8431,up_to_date,已是最新: 2026-06-17,0
8432,up_to_date,已是最新: 2026-06-17,0
8433,up_to_date,已是最新: 2026-06-17,0
8435,up_to_date,已是最新: 2026-06-17,0
8436,up_to_date,已是最新: 2026-06-17,0
8437,up_to_date,已是最新: 2026-06-17,0
8440,up_to_date,已是最新: 2026-06-17,0
8444,up_to_date,已是最新: 2026-06-17,0
8446,up_to_date,已是最新: 2026-06-17,0
8450,up_to_date,已是最新: 2026-06-17,0
8455,up_to_date,已是最新: 2026-06-17,0
8472,up_to_date,已是最新: 2026-06-17,0
8477,up_to_date,已是最新: 2026-06-17,0
8489,up_to_date,已是最新: 2026-06-17,0
8905,up_to_date,已是最新: 2026-06-17,0
8906,up_to_date,已是最新: 2026-06-17,0
8908,up_to_date,已是最新: 2026-06-17,0
8916,up_to_date,已是最新: 2026-06-17,0
8917,up_to_date,已是最新: 2026-06-17,0
8921,up_to_date,已是最新: 2026-06-17,0
8923,up_to_date,已是最新: 2026-06-17,0
8924,up_to_date,已是最新: 2026-06-17,0
8927,up_to_date,已是最新: 2026-06-17,0
8928,up_to_date,已是最新: 2026-06-17,0
8929,up_to_date,已是最新: 2026-06-17,0
8930,up_to_date,已是最新: 2026-06-17,0
8931,up_to_date,已是最新: 2026-06-17,0
8932,up_to_date,已是最新: 2026-06-17,0
8933,up_to_date,已是最新: 2026-06-17,0
8935,up_to_date,已是最新: 2026-06-17,0
8936,up_to_date,已是最新: 2026-06-17,0
8937,up_to_date,已是最新: 2026-06-17,0
8938,up_to_date,已是最新: 2026-06-17,0
8941,up_to_date,已是最新: 2026-06-17,0
8942,up_to_date,已是最新: 2026-06-17,0
9949,up_to_date,已是最新: 2026-06-17,0
9950,up_to_date,已是最新: 2026-06-17,0
9951,up_to_date,已是最新: 2026-06-17,0
9960,up_to_date,已是最新: 2026-06-17,0
9962,up_to_date,已是最新: 2026-06-17,0
